prompt_id,country,category,random_utility,oracle_utility,score_range,random_regret,random_hsr,random_hsr05,random_stereotype,random_missing_explicit,random_missing_implicit,random_image_quality,random_overall,missing_explicit_sensitive,missing_implicit_sensitive,stereotype_sensitive,model,majority_id,agreement,entropy,flip
e0512c6c7d0cbc5feecec014ce036cc75af0ebde9987eb039337c275460943a6,Brazil,religion,0.8888888888888888,1.0,0.33333333333333337,0.11111111111111112,0.3333333333333333,0.3333333333333333,0.0,0.1111111111111111,0.1111111111111111,0.9166666666666666,0.7638888888888888,True,True,False,qwen,e0512c6c7d0cbc5feecec014ce036cc75af0ebde9987eb039337c275460943a6_SD35,1.0,-0.0,0.0
e0512c6c7d0cbc5feecec014ce036cc75af0ebde9987eb039337c275460943a6,Brazil,religion,0.8888888888888888,1.0,0.33333333333333337,0.11111111111111112,0.3333333333333333,0.3333333333333333,0.0,0.1111111111111111,0.1111111111111111,0.9166666666666666,0.7638888888888888,True,True,False,smol,e0512c6c7d0cbc5feecec014ce036cc75af0ebde9987eb039337c275460943a6_flux,0.6666666666666666,0.5793801642856949,1.0
b10acf33f4e9b02c1049d8d92c32e1ec04a14e641e4bd8a928b5846e4d7d9c71,Brazil,greetings,0.8333333333333333,1.0,0.6666666666666667,0.16666666666666669,0.25,0.25,0.0,0.25,0.0,0.7916666666666667,0.78125,True,False,False,qwen,b10acf33f4e9b02c1049d8d92c32e1ec04a14e641e4bd8a928b5846e4d7d9c71_imagegen3,0.6666666666666666,0.4591479170272447,1.0
b10acf33f4e9b02c1049d8d92c32e1ec04a14e641e4bd8a928b5846e4d7d9c71,Brazil,greetings,0.8333333333333333,1.0,0.6666666666666667,0.16666666666666669,0.25,0.25,0.0,0.25,0.0,0.7916666666666667,0.78125,True,False,False,smol,b10acf33f4e9b02c1049d8d92c32e1ec04a14e641e4bd8a928b5846e4d7d9c71_SD35,0.3333333333333333,0.792481250360578,1.0
712b735f188dcb8665054acd5b1f0897c326e28342172550e7c6f9735aae0aa3,Brazil,dates-of-significance,0.6666666666666666,0.8333333333333334,0.33333333333333337,0.1666666666666667,0.3333333333333333,0.3333333333333333,0.16666666666666666,0.3333333333333333,0.16666666666666666,0.638888888888889,0.6111111111111112,True,True,True,qwen,712b735f188dcb8665054acd5b1f0897c326e28342172550e7c6f9735aae0aa3_gpt-image,1.0,-0.0,0.0
712b735f188dcb8665054acd5b1f0897c326e28342172550e7c6f9735aae0aa3,Brazil,dates-of-significance,0.6666666666666666,0.8333333333333334,0.33333333333333337,0.1666666666666667,0.3333333333333333,0.3333333333333333,0.16666666666666666,0.3333333333333333,0.16666666666666666,0.638888888888889,0.6111111111111112,True,True,True,smol,712b735f188dcb8665054acd5b1f0897c326e28342172550e7c6f9735aae0aa3_gpt-image,0.6666666666666666,0.5793801642856949,1.0
5c291f96a2f1a39ec5a851e65bc16a443b739c9ce43b617a1b2326ec65af480b,Brazil,etiquette,0.8333333333333334,1.0,0.5,0.16666666666666666,0.25,0.25,0.16666666666666666,0.16666666666666666,0.08333333333333333,0.875,0.75,True,True,True,qwen,5c291f96a2f1a39ec5a851e65bc16a443b739c9ce43b617a1b2326ec65af480b_gpt-image,0.6666666666666666,0.4591479170272447,1.0
5c291f96a2f1a39ec5a851e65bc16a443b739c9ce43b617a1b2326ec65af480b,Brazil,etiquette,0.8333333333333334,1.0,0.5,0.16666666666666666,0.25,0.25,0.16666666666666666,0.16666666666666666,0.08333333333333333,0.875,0.75,True,True,True,smol,5c291f96a2f1a39ec5a851e65bc16a443b739c9ce43b617a1b2326ec65af480b_SD35,0.3333333333333333,0.792481250360578,1.0
8207f8d46ae89de25f3b92dcc75fb713da3db0229a8178ccb6be560bb94077f8,Brazil,dates-of-significance,0.75,1.0,0.5,0.25,0.3333333333333333,0.3333333333333333,0.19444444444444442,0.5,0.0,0.6666666666666666,0.6111111111111112,True,False,True,qwen,8207f8d46ae89de25f3b92dcc75fb713da3db0229a8178ccb6be560bb94077f8_gpt-image,1.0,-0.0,0.0
8207f8d46ae89de25f3b92dcc75fb713da3db0229a8178ccb6be560bb94077f8,Brazil,dates-of-significance,0.75,1.0,0.5,0.25,0.3333333333333333,0.3333333333333333,0.19444444444444442,0.5,0.0,0.6666666666666666,0.6111111111111112,True,False,True,smol,8207f8d46ae89de25f3b92dcc75fb713da3db0229a8178ccb6be560bb94077f8_SD35,0.3333333333333333,0.9999999999999998,1.0
f0099db7006a5d9ddc836e9ae62068d6bec54702998e32e21bea40d6dddc1824,Brazil,family,0.8333333333333334,1.0,0.5,0.16666666666666666,0.3333333333333333,0.3333333333333333,0.1111111111111111,0.16666666666666666,0.16666666666666666,0.9444444444444445,0.8472222222222222,True,True,True,qwen,f0099db7006a5d9ddc836e9ae62068d6bec54702998e32e21bea40d6dddc1824_gpt-image,0.6666666666666666,0.5793801642856949,1.0
f0099db7006a5d9ddc836e9ae62068d6bec54702998e32e21bea40d6dddc1824,Brazil,family,0.8333333333333334,1.0,0.5,0.16666666666666666,0.3333333333333333,0.3333333333333333,0.1111111111111111,0.16666666666666666,0.16666666666666666,0.9444444444444445,0.8472222222222222,True,True,True,smol,f0099db7006a5d9ddc836e9ae62068d6bec54702998e32e21bea40d6dddc1824_gpt-image,0.6666666666666666,0.5793801642856949,1.0
6b4418fad21634ee6e1f4b9e9adb76d864d193f38cbfa6bce80cd870cd3579a9,Brazil,dates-of-significance,0.8333333333333334,1.0,0.33333333333333337,0.16666666666666666,0.3333333333333333,0.3333333333333333,0.1111111111111111,0.2222222222222222,0.1111111111111111,0.5555555555555555,0.6388888888888888,True,True,True,qwen,6b4418fad21634ee6e1f4b9e9adb76d864d193f38cbfa6bce80cd870cd3579a9_gpt-image,1.0,-0.0,0.0
6b4418fad21634ee6e1f4b9e9adb76d864d193f38cbfa6bce80cd870cd3579a9,Brazil,dates-of-significance,0.8333333333333334,1.0,0.33333333333333337,0.16666666666666666,0.3333333333333333,0.3333333333333333,0.1111111111111111,0.2222222222222222,0.1111111111111111,0.5555555555555555,0.6388888888888888,True,True,True,smol,6b4418fad21634ee6e1f4b9e9adb76d864d193f38cbfa6bce80cd870cd3579a9_SD35,0.3333333333333333,0.9999999999999998,1.0
9d4de894bb05b9d3fccec972d398b66ce268c10a42cae4e673d70cb1dad18a3c,Brazil,religion,0.611111111111111,1.0,0.6666666666666667,0.3888888888888889,0.6666666666666666,0.6666666666666666,0.0,0.5,0.0,0.8333333333333334,0.5555555555555555,True,False,False,qwen,9d4de894bb05b9d3fccec972d398b66ce268c10a42cae4e673d70cb1dad18a3c_gpt-image,1.0,-0.0,0.0
9d4de894bb05b9d3fccec972d398b66ce268c10a42cae4e673d70cb1dad18a3c,Brazil,religion,0.611111111111111,1.0,0.6666666666666667,0.3888888888888889,0.6666666666666666,0.6666666666666666,0.0,0.5,0.0,0.8333333333333334,0.5555555555555555,True,False,False,smol,9d4de894bb05b9d3fccec972d398b66ce268c10a42cae4e673d70cb1dad18a3c_SD35,0.3333333333333333,0.9999999999999998,1.0
070fe3fee8994a67ab6b8127782be6b15df12557df147ebe9f3b52a5d764e6e2,Brazil,dates-of-significance,0.9270833333333334,1.0,0.16666666666666663,0.07291666666666666,0.5,0.5,0.0625,0.14583333333333331,0.0625,0.8541666666666667,0.828125,True,True,True,qwen,070fe3fee8994a67ab6b8127782be6b15df12557df147ebe9f3b52a5d764e6e2_gpt-image,0.6666666666666666,0.4591479170272447,1.0
070fe3fee8994a67ab6b8127782be6b15df12557df147ebe9f3b52a5d764e6e2,Brazil,dates-of-significance,0.9270833333333334,1.0,0.16666666666666663,0.07291666666666666,0.5,0.5,0.0625,0.14583333333333331,0.0625,0.8541666666666667,0.828125,True,True,True,smol,070fe3fee8994a67ab6b8127782be6b15df12557df147ebe9f3b52a5d764e6e2_SD35,0.3333333333333333,0.792481250360578,1.0
b8987fba1ebe62c966348f9e0c1ed1d9e1138a826b21b29cbcbb91cbc570aa31,Brazil,dates-of-significance,0.47916666666666663,0.75,0.75,0.27083333333333337,0.25,0.25,0.20833333333333331,0.5833333333333333,0.0,0.875,0.5208333333333334,True,False,True,qwen,b8987fba1ebe62c966348f9e0c1ed1d9e1138a826b21b29cbcbb91cbc570aa31_imagegen3,1.0,-0.0,0.0
b8987fba1ebe62c966348f9e0c1ed1d9e1138a826b21b29cbcbb91cbc570aa31,Brazil,dates-of-significance,0.47916666666666663,0.75,0.75,0.27083333333333337,0.25,0.25,0.20833333333333331,0.5833333333333333,0.0,0.875,0.5208333333333334,True,False,True,smol,b8987fba1ebe62c966348f9e0c1ed1d9e1138a826b21b29cbcbb91cbc570aa31_SD35,0.6666666666666666,0.4591479170272447,1.0
1cce922e13b365836e7079ed911fb00bb11473e593dd4c2f24f553951088e41c,Brazil,religion,0.7916666666666666,1.0,0.5,0.20833333333333334,0.5,0.5,0.0,0.25,0.25,0.7083333333333334,0.5625,True,True,False,qwen,1cce922e13b365836e7079ed911fb00bb11473e593dd4c2f24f553951088e41c_SD35,0.6666666666666666,0.4591479170272447,1.0
1cce922e13b365836e7079ed911fb00bb11473e593dd4c2f24f553951088e41c,Brazil,religion,0.7916666666666666,1.0,0.5,0.20833333333333334,0.5,0.5,0.0,0.25,0.25,0.7083333333333334,0.5625,True,True,False,smol,1cce922e13b365836e7079ed911fb00bb11473e593dd4c2f24f553951088e41c_flux,0.3333333333333333,0.792481250360578,1.0
7abd314fbc85912eb0149666c47ffcfd1062250a1f3020abe7afb5b9ce1986af,Brazil,dates-of-significance,0.975,1.0,0.09999999999999998,0.024999999999999994,0.25,0.25,0.08333333333333333,0.0,0.05,0.975,0.8583333333333334,False,True,True,qwen,7abd314fbc85912eb0149666c47ffcfd1062250a1f3020abe7afb5b9ce1986af_flux,0.6666666666666666,0.4591479170272447,1.0
7abd314fbc85912eb0149666c47ffcfd1062250a1f3020abe7afb5b9ce1986af,Brazil,dates-of-significance,0.975,1.0,0.09999999999999998,0.024999999999999994,0.25,0.25,0.08333333333333333,0.0,0.05,0.975,0.8583333333333334,False,True,True,smol,7abd314fbc85912eb0149666c47ffcfd1062250a1f3020abe7afb5b9ce1986af_SD35,0.3333333333333333,0.792481250360578,1.0
89664eb7e369f3774a80f3195c9dc10feff72899abb24e4b4f95f833f9418803,Brazil,dates-of-significance,0.8888888888888888,1.0,0.33333333333333337,0.11111111111111112,0.3333333333333333,0.3333333333333333,0.0,0.1111111111111111,0.1111111111111111,0.5277777777777778,0.6111111111111112,True,True,False,qwen,89664eb7e369f3774a80f3195c9dc10feff72899abb24e4b4f95f833f9418803_gpt-image,1.0,-0.0,0.0
89664eb7e369f3774a80f3195c9dc10feff72899abb24e4b4f95f833f9418803,Brazil,dates-of-significance,0.8888888888888888,1.0,0.33333333333333337,0.11111111111111112,0.3333333333333333,0.3333333333333333,0.0,0.1111111111111111,0.1111111111111111,0.5277777777777778,0.6111111111111112,True,True,False,smol,89664eb7e369f3774a80f3195c9dc10feff72899abb24e4b4f95f833f9418803_flux,0.6666666666666666,0.5793801642856949,1.0
7540cc55d321d5634b3ccfa5f814cdcf8fa35caeba0c8b78bf4cb9b7d1cbc269,Brazil,etiquette,0.85625,1.0,0.375,0.14375,0.5,0.5,0.05,0.2875,0.0,0.83125,0.84375,True,False,True,qwen,7540cc55d321d5634b3ccfa5f814cdcf8fa35caeba0c8b78bf4cb9b7d1cbc269_gpt-image,1.0,-0.0,0.0
7540cc55d321d5634b3ccfa5f814cdcf8fa35caeba0c8b78bf4cb9b7d1cbc269,Brazil,etiquette,0.85625,1.0,0.375,0.14375,0.5,0.5,0.05,0.2875,0.0,0.83125,0.84375,True,False,True,smol,7540cc55d321d5634b3ccfa5f814cdcf8fa35caeba0c8b78bf4cb9b7d1cbc269_SD35,0.3333333333333333,0.792481250360578,1.0
7a56fbbf4d6013f5e934dd150ac4c58c77a97d8f0dd72b78ca9815513c931245,Brazil,greetings,0.75,1.0,0.5,0.25,0.5,0.5,0.29166666666666663,0.3333333333333333,0.16666666666666666,0.8020833333333334,0.640625,True,True,True,qwen,7a56fbbf4d6013f5e934dd150ac4c58c77a97d8f0dd72b78ca9815513c931245_gpt-image,0.6666666666666666,0.4591479170272447,1.0
7a56fbbf4d6013f5e934dd150ac4c58c77a97d8f0dd72b78ca9815513c931245,Brazil,greetings,0.75,1.0,0.5,0.25,0.5,0.5,0.29166666666666663,0.3333333333333333,0.16666666666666666,0.8020833333333334,0.640625,True,True,True,smol,7a56fbbf4d6013f5e934dd150ac4c58c77a97d8f0dd72b78ca9815513c931245_SD35,0.3333333333333333,0.792481250360578,1.0
8770e79ee1cbb82981e35b72745b3a1b0b3374b21f597e1620c8a913f6dcf18a,Brazil,greetings,0.8750000000000001,1.0,0.16666666666666663,0.12499999999999997,0.75,0.0,0.25,0.16666666666666666,0.08333333333333333,0.7916666666666666,0.75,True,True,True,qwen,8770e79ee1cbb82981e35b72745b3a1b0b3374b21f597e1620c8a913f6dcf18a_gpt-image,0.6666666666666666,0.4591479170272447,1.0
8770e79ee1cbb82981e35b72745b3a1b0b3374b21f597e1620c8a913f6dcf18a,Brazil,greetings,0.8750000000000001,1.0,0.16666666666666663,0.12499999999999997,0.75,0.0,0.25,0.16666666666666666,0.08333333333333333,0.7916666666666666,0.75,True,True,True,smol,8770e79ee1cbb82981e35b72745b3a1b0b3374b21f597e1620c8a913f6dcf18a_SD35,0.3333333333333333,0.792481250360578,1.0
7773b54c52c2f8338d85aaea0f2ad2ec4177c897fc960622d91fb6f5c713bbdc,Brazil,dates-of-significance,0.6458333333333333,1.0,0.6666666666666667,0.3541666666666667,0.5,0.5,0.29166666666666663,0.5,0.125,0.8125,0.71875,True,True,True,qwen,7773b54c52c2f8338d85aaea0f2ad2ec4177c897fc960622d91fb6f5c713bbdc_gpt-image,1.0,-0.0,0.0
7773b54c52c2f8338d85aaea0f2ad2ec4177c897fc960622d91fb6f5c713bbdc,Brazil,dates-of-significance,0.6458333333333333,1.0,0.6666666666666667,0.3541666666666667,0.5,0.5,0.29166666666666663,0.5,0.125,0.8125,0.71875,True,True,True,smol,7773b54c52c2f8338d85aaea0f2ad2ec4177c897fc960622d91fb6f5c713bbdc_flux,0.6666666666666666,0.4591479170272447,1.0
11e86fc9b00f129c5aaa132d87d098ebea667909704843e31eb664d18111c063,Brazil,dates-of-significance,0.8333333333333333,1.0,0.33333333333333337,0.16666666666666669,0.5,0.5,0.0,0.16666666666666666,0.25,0.75,0.75,True,True,False,qwen,11e86fc9b00f129c5aaa132d87d098ebea667909704843e31eb664d18111c063_SD35,0.3333333333333333,0.792481250360578,1.0
11e86fc9b00f129c5aaa132d87d098ebea667909704843e31eb664d18111c063,Brazil,dates-of-significance,0.8333333333333333,1.0,0.33333333333333337,0.16666666666666669,0.5,0.5,0.0,0.16666666666666666,0.25,0.75,0.75,True,True,False,smol,11e86fc9b00f129c5aaa132d87d098ebea667909704843e31eb664d18111c063_flux,0.3333333333333333,0.792481250360578,1.0
dadd2af34f58c3f53eb3f2cbc3009b87c9ffa8d021b68583218dbd17510b9283,Brazil,etiquette,0.8888888888888888,1.0,0.33333333333333337,0.11111111111111112,0.3333333333333333,0.3333333333333333,0.1111111111111111,0.2222222222222222,0.0,0.7222222222222222,0.7222222222222223,True,False,True,qwen,dadd2af34f58c3f53eb3f2cbc3009b87c9ffa8d021b68583218dbd17510b9283_gpt-image,1.0,-0.0,0.0
dadd2af34f58c3f53eb3f2cbc3009b87c9ffa8d021b68583218dbd17510b9283,Brazil,etiquette,0.8888888888888888,1.0,0.33333333333333337,0.11111111111111112,0.3333333333333333,0.3333333333333333,0.1111111111111111,0.2222222222222222,0.0,0.7222222222222222,0.7222222222222223,True,False,True,smol,dadd2af34f58c3f53eb3f2cbc3009b87c9ffa8d021b68583218dbd17510b9283_SD35,0.3333333333333333,0.9999999999999998,1.0
aa517174d252e8ae882303e5f8caae328d1f44a10ae230412e853488fc5b3447,Brazil,greetings,0.7916666666666666,1.0,0.5,0.20833333333333334,0.5,0.5,0.16666666666666666,0.25,0.08333333333333333,0.9166666666666667,0.7708333333333333,True,True,True,qwen,aa517174d252e8ae882303e5f8caae328d1f44a10ae230412e853488fc5b3447_imagegen3,1.0,-0.0,0.0
aa517174d252e8ae882303e5f8caae328d1f44a10ae230412e853488fc5b3447,Brazil,greetings,0.7916666666666666,1.0,0.5,0.20833333333333334,0.5,0.5,0.16666666666666666,0.25,0.08333333333333333,0.9166666666666667,0.7708333333333333,True,True,True,smol,aa517174d252e8ae882303e5f8caae328d1f44a10ae230412e853488fc5b3447_SD35,0.3333333333333333,0.792481250360578,1.0
37854422840c86f5bb2abdc9d99b99d8e56ef35a21e8d7acd7344f7adc8b0c8a,Brazil,etiquette,0.4895833333333333,0.625,0.2916666666666667,0.13541666666666669,0.25,0.25,0.0625,0.6666666666666666,0.2708333333333333,0.625,0.4114583333333333,True,True,True,qwen,37854422840c86f5bb2abdc9d99b99d8e56ef35a21e8d7acd7344f7adc8b0c8a_gpt-image,0.6666666666666666,0.4591479170272447,1.0
37854422840c86f5bb2abdc9d99b99d8e56ef35a21e8d7acd7344f7adc8b0c8a,Brazil,etiquette,0.4895833333333333,0.625,0.2916666666666667,0.13541666666666669,0.25,0.25,0.0625,0.6666666666666666,0.2708333333333333,0.625,0.4114583333333333,True,True,True,smol,37854422840c86f5bb2abdc9d99b99d8e56ef35a21e8d7acd7344f7adc8b0c8a_flux,1.0,-0.0,0.0
71ac6eee6bf567c9dfc8d3bebda742729d74a94dc8eaba76dab69dccdecac8c4,Brazil,dates-of-significance,0.6111111111111112,0.8333333333333334,0.6666666666666667,0.22222222222222224,0.3333333333333333,0.3333333333333333,0.1111111111111111,0.3333333333333333,0.2222222222222222,0.7222222222222223,0.5555555555555555,True,True,True,qwen,71ac6eee6bf567c9dfc8d3bebda742729d74a94dc8eaba76dab69dccdecac8c4_gpt-image,1.0,-0.0,0.0
71ac6eee6bf567c9dfc8d3bebda742729d74a94dc8eaba76dab69dccdecac8c4,Brazil,dates-of-significance,0.6111111111111112,0.8333333333333334,0.6666666666666667,0.22222222222222224,0.3333333333333333,0.3333333333333333,0.1111111111111111,0.3333333333333333,0.2222222222222222,0.7222222222222223,0.5555555555555555,True,True,True,smol,71ac6eee6bf567c9dfc8d3bebda742729d74a94dc8eaba76dab69dccdecac8c4_SD35,1.0,-0.0,0.0
10b28efba265828fe0fce7b56105c9e403f46a6e5fb5353d354b652e73e0aaa3,Brazil,family,0.611111111111111,1.0,0.6666666666666667,0.3888888888888889,0.6666666666666666,0.6666666666666666,0.0,0.6666666666666666,0.0,0.9444444444444445,0.5833333333333334,True,False,False,qwen,10b28efba265828fe0fce7b56105c9e403f46a6e5fb5353d354b652e73e0aaa3_gpt-image,0.6666666666666666,0.5793801642856949,1.0
599a5b9da047aa98219494602d204780510c1256f91c77dacf4286a3cd94cf4c,Brazil,greetings,0.625,0.75,0.4166666666666667,0.125,0.25,0.25,0.08333333333333333,0.5416666666666666,0.125,0.8333333333333334,0.5729166666666666,True,True,True,qwen,599a5b9da047aa98219494602d204780510c1256f91c77dacf4286a3cd94cf4c_flux,0.6666666666666666,0.4591479170272447,1.0
599a5b9da047aa98219494602d204780510c1256f91c77dacf4286a3cd94cf4c,Brazil,greetings,0.625,0.75,0.4166666666666667,0.125,0.25,0.25,0.08333333333333333,0.5416666666666666,0.125,0.8333333333333334,0.5729166666666666,True,True,True,smol,599a5b9da047aa98219494602d204780510c1256f91c77dacf4286a3cd94cf4c_SD35,0.3333333333333333,0.792481250360578,1.0
57c56b8d17fc4b2fb5c856459327ae2f4586702780140a039cdc44f852549cb4,Brazil,religion,0.8958333333333334,1.0,0.25,0.10416666666666666,0.5,0.5,0.1875,0.125,0.08333333333333333,0.8125,0.7708333333333334,True,True,True,qwen,57c56b8d17fc4b2fb5c856459327ae2f4586702780140a039cdc44f852549cb4_gpt-image,1.0,-0.0,0.0
57c56b8d17fc4b2fb5c856459327ae2f4586702780140a039cdc44f852549cb4,Brazil,religion,0.8958333333333334,1.0,0.25,0.10416666666666666,0.5,0.5,0.1875,0.125,0.08333333333333333,0.8125,0.7708333333333334,True,True,True,smol,57c56b8d17fc4b2fb5c856459327ae2f4586702780140a039cdc44f852549cb4_SD35,0.3333333333333333,0.792481250360578,1.0
ea391a435ddb3c197f85dba6c6bd09a022ef49b8d32a69e07ae6319951f43934,Brazil,etiquette,1.0,1.0,0.0,0.0,0.0,0.0,0.0,0.0,0.0,0.8333333333333334,0.875,False,False,False,qwen,ea391a435ddb3c197f85dba6c6bd09a022ef49b8d32a69e07ae6319951f43934_SD35,0.3333333333333333,0.9999999999999998,1.0
ea391a435ddb3c197f85dba6c6bd09a022ef49b8d32a69e07ae6319951f43934,Brazil,etiquette,1.0,1.0,0.0,0.0,0.0,0.0,0.0,0.0,0.0,0.8333333333333334,0.875,False,False,False,smol,ea391a435ddb3c197f85dba6c6bd09a022ef49b8d32a69e07ae6319951f43934_SD35,0.6666666666666666,0.5793801642856949,1.0
3413c95d4a8055a83388385356078e631deb6f43bb4b5187136f44b8d80eae23,Brazil,etiquette,0.8125,1.0,0.33333333333333337,0.1875,0.5,0.5,0.0625,0.29166666666666663,0.08333333333333333,0.7916666666666666,0.7552083333333333,True,True,True,qwen,3413c95d4a8055a83388385356078e631deb6f43bb4b5187136f44b8d80eae23_gpt-image,0.6666666666666666,0.4591479170272447,1.0
3413c95d4a8055a83388385356078e631deb6f43bb4b5187136f44b8d80eae23,Brazil,etiquette,0.8125,1.0,0.33333333333333337,0.1875,0.5,0.5,0.0625,0.29166666666666663,0.08333333333333333,0.7916666666666666,0.7552083333333333,True,True,True,smol,3413c95d4a8055a83388385356078e631deb6f43bb4b5187136f44b8d80eae23_flux,0.6666666666666666,0.4591479170272447,1.0
af12e59a01d56fe15d5f83d4f7d6e1e0f05d25264758abed303825dd13927e19,Brazil,etiquette,0.7916666666666666,1.0,0.6666666666666667,0.20833333333333334,0.25,0.25,0.0,0.25,0.16666666666666666,0.8333333333333334,0.7291666666666666,True,True,False,qwen,af12e59a01d56fe15d5f83d4f7d6e1e0f05d25264758abed303825dd13927e19_gpt-image,1.0,-0.0,0.0
af12e59a01d56fe15d5f83d4f7d6e1e0f05d25264758abed303825dd13927e19,Brazil,etiquette,0.7916666666666666,1.0,0.6666666666666667,0.20833333333333334,0.25,0.25,0.0,0.25,0.16666666666666666,0.8333333333333334,0.7291666666666666,True,True,False,smol,af12e59a01d56fe15d5f83d4f7d6e1e0f05d25264758abed303825dd13927e19_flux,0.3333333333333333,0.792481250360578,1.0
1188cb0fd4465c0a7aea52288587ca2cadb86616c6f4da4216c88623a4ee10f2,Brazil,greetings,0.96875,1.0,0.125,0.03125,0.25,0.25,0.14583333333333331,0.0625,0.0,0.8125,0.796875,True,False,True,qwen,1188cb0fd4465c0a7aea52288587ca2cadb86616c6f4da4216c88623a4ee10f2_gpt-image,1.0,-0.0,0.0
1188cb0fd4465c0a7aea52288587ca2cadb86616c6f4da4216c88623a4ee10f2,Brazil,greetings,0.96875,1.0,0.125,0.03125,0.25,0.25,0.14583333333333331,0.0625,0.0,0.8125,0.796875,True,False,True,smol,1188cb0fd4465c0a7aea52288587ca2cadb86616c6f4da4216c88623a4ee10f2_SD35,0.3333333333333333,0.792481250360578,1.0
172787f78ce7cc3e7ff51045d28d1dbacf140ed17fe609409273ad6a0a0f7562,Brazil,family,0.9166666666666666,1.0,0.33333333333333337,0.08333333333333334,0.25,0.25,0.25,0.0,0.16666666666666666,0.84375,0.7916666666666666,False,True,True,qwen,172787f78ce7cc3e7ff51045d28d1dbacf140ed17fe609409273ad6a0a0f7562_imagegen3,1.0,-0.0,0.0
172787f78ce7cc3e7ff51045d28d1dbacf140ed17fe609409273ad6a0a0f7562,Brazil,family,0.9166666666666666,1.0,0.33333333333333337,0.08333333333333334,0.25,0.25,0.25,0.0,0.16666666666666666,0.84375,0.7916666666666666,False,True,True,smol,172787f78ce7cc3e7ff51045d28d1dbacf140ed17fe609409273ad6a0a0f7562_SD35,0.3333333333333333,0.792481250360578,1.0
42673cd30ebaf2cf21a24af0c2f20d5eccf59b605cce3707a4dc1a9bcbc0604d,Canada,etiquette,0.7291666666666666,0.8333333333333334,0.16666666666666674,0.10416666666666671,0.5,0.5,0.08333333333333333,0.3333333333333333,0.29166666666666663,0.9166666666666666,0.7604166666666666,True,True,True,qwen,42673cd30ebaf2cf21a24af0c2f20d5eccf59b605cce3707a4dc1a9bcbc0604d_imagegen3,0.6666666666666666,0.4591479170272447,1.0
42673cd30ebaf2cf21a24af0c2f20d5eccf59b605cce3707a4dc1a9bcbc0604d,Canada,etiquette,0.7291666666666666,0.8333333333333334,0.16666666666666674,0.10416666666666671,0.5,0.5,0.08333333333333333,0.3333333333333333,0.29166666666666663,0.9166666666666666,0.7604166666666666,True,True,True,smol,42673cd30ebaf2cf21a24af0c2f20d5eccf59b605cce3707a4dc1a9bcbc0604d_flux,0.6666666666666666,0.4591479170272447,1.0
e7aef38d6fb4073e4f2c84849c6367eea8f536571f8b60ac133d917724ff768e,Canada,dates-of-significance,0.6979166666666666,1.0,0.6666666666666667,0.30208333333333337,0.5,0.5,0.0,0.37499999999999994,0.20833333333333331,0.7916666666666667,0.6875,True,True,False,qwen,e7aef38d6fb4073e4f2c84849c6367eea8f536571f8b60ac133d917724ff768e_flux,0.6666666666666666,0.4591479170272447,1.0
e7aef38d6fb4073e4f2c84849c6367eea8f536571f8b60ac133d917724ff768e,Canada,dates-of-significance,0.6979166666666666,1.0,0.6666666666666667,0.30208333333333337,0.5,0.5,0.0,0.37499999999999994,0.20833333333333331,0.7916666666666667,0.6875,True,True,False,smol,e7aef38d6fb4073e4f2c84849c6367eea8f536571f8b60ac133d917724ff768e_SD35,0.3333333333333333,0.792481250360578,1.0
7b86189586423a9f46e83c05d3d001db17bdcd0f19971a7ffcdf3f9cad8a7ad9,Canada,etiquette,0.7291666666666667,0.8333333333333334,0.33333333333333337,0.10416666666666669,0.25,0.25,0.08333333333333333,0.4583333333333333,0.08333333333333333,0.5833333333333333,0.6875,True,True,True,qwen,7b86189586423a9f46e83c05d3d001db17bdcd0f19971a7ffcdf3f9cad8a7ad9_gpt-image,1.0,-0.0,0.0
7b86189586423a9f46e83c05d3d001db17bdcd0f19971a7ffcdf3f9cad8a7ad9,Canada,etiquette,0.7291666666666667,0.8333333333333334,0.33333333333333337,0.10416666666666669,0.25,0.25,0.08333333333333333,0.4583333333333333,0.08333333333333333,0.5833333333333333,0.6875,True,True,True,smol,7b86189586423a9f46e83c05d3d001db17bdcd0f19971a7ffcdf3f9cad8a7ad9_flux,0.3333333333333333,0.792481250360578,1.0
f884d7cf3789d21d8e2a7038199ca5e46173f3e96971f1865d9c4fb747cc2025,Canada,dates-of-significance,0.7916666666666667,1.0,0.5,0.20833333333333331,0.25,0.25,0.0,0.29166666666666663,0.125,0.8125,0.8020833333333333,True,True,False,qwen,f884d7cf3789d21d8e2a7038199ca5e46173f3e96971f1865d9c4fb747cc2025_gpt-image,1.0,-0.0,0.0
f884d7cf3789d21d8e2a7038199ca5e46173f3e96971f1865d9c4fb747cc2025,Canada,dates-of-significance,0.7916666666666667,1.0,0.5,0.20833333333333331,0.25,0.25,0.0,0.29166666666666663,0.125,0.8125,0.8020833333333333,True,True,False,smol,f884d7cf3789d21d8e2a7038199ca5e46173f3e96971f1865d9c4fb747cc2025_gpt-image,0.6666666666666666,0.4591479170272447,1.0
9bd2ce80705d38d803ee64e9e04405eed009fd0c693a999b36d39d70e575991c,Canada,family,0.7083333333333334,1.0,0.5,0.29166666666666663,0.5,0.5,0.08333333333333333,0.5833333333333334,0.16666666666666666,0.7916666666666666,0.7083333333333333,True,True,True,qwen,9bd2ce80705d38d803ee64e9e04405eed009fd0c693a999b36d39d70e575991c_gpt-image,1.0,-0.0,0.0
9bd2ce80705d38d803ee64e9e04405eed009fd0c693a999b36d39d70e575991c,Canada,family,0.7083333333333334,1.0,0.5,0.29166666666666663,0.5,0.5,0.08333333333333333,0.5833333333333334,0.16666666666666666,0.7916666666666666,0.7083333333333333,True,True,True,smol,9bd2ce80705d38d803ee64e9e04405eed009fd0c693a999b36d39d70e575991c_SD35,0.3333333333333333,0.792481250360578,1.0
b52fc25c42b0c2421cac9f6055603119a53b00358f4ba1c9c1361f3c5507b178,Canada,dates-of-significance,0.8888888888888888,1.0,0.33333333333333337,0.11111111111111112,0.3333333333333333,0.3333333333333333,0.0,0.0,0.2222222222222222,0.8333333333333334,0.8333333333333334,False,True,False,qwen,b52fc25c42b0c2421cac9f6055603119a53b00358f4ba1c9c1361f3c5507b178_gpt-image,1.0,-0.0,0.0
b52fc25c42b0c2421cac9f6055603119a53b00358f4ba1c9c1361f3c5507b178,Canada,dates-of-significance,0.8888888888888888,1.0,0.33333333333333337,0.11111111111111112,0.3333333333333333,0.3333333333333333,0.0,0.0,0.2222222222222222,0.8333333333333334,0.8333333333333334,False,True,False,smol,b52fc25c42b0c2421cac9f6055603119a53b00358f4ba1c9c1361f3c5507b178_gpt-image,0.6666666666666666,0.5793801642856949,1.0
5772284bd251b87e139a681f4dcd6eb814363dd7e55a20a1727318fc2394f16c,Canada,etiquette,1.0,1.0,0.0,0.0,0.0,0.0,0.0,0.0,0.0,1.0,0.9791666666666666,False,False,False,qwen,5772284bd251b87e139a681f4dcd6eb814363dd7e55a20a1727318fc2394f16c_SD35,0.3333333333333333,0.792481250360578,1.0
5772284bd251b87e139a681f4dcd6eb814363dd7e55a20a1727318fc2394f16c,Canada,etiquette,1.0,1.0,0.0,0.0,0.0,0.0,0.0,0.0,0.0,1.0,0.9791666666666666,False,False,False,smol,5772284bd251b87e139a681f4dcd6eb814363dd7e55a20a1727318fc2394f16c_gpt-image,0.6666666666666666,0.4591479170272447,1.0
0d30217bad4afa30cab432178e8da70870c400c5b0bf9bbcdd332876836cbfbe,Canada,dates-of-significance,0.7916666666666666,1.0,0.5,0.20833333333333334,0.5,0.5,0.0,0.3333333333333333,0.0,0.9166666666666667,0.8333333333333334,True,False,False,qwen,0d30217bad4afa30cab432178e8da70870c400c5b0bf9bbcdd332876836cbfbe_SD35,0.3333333333333333,0.792481250360578,1.0
0d30217bad4afa30cab432178e8da70870c400c5b0bf9bbcdd332876836cbfbe,Canada,dates-of-significance,0.7916666666666666,1.0,0.5,0.20833333333333334,0.5,0.5,0.0,0.3333333333333333,0.0,0.9166666666666667,0.8333333333333334,True,False,False,smol,0d30217bad4afa30cab432178e8da70870c400c5b0bf9bbcdd332876836cbfbe_SD35,0.3333333333333333,0.792481250360578,1.0
1a17879e838ffac9d45187ea0ac6dd0f7cca63350bdfdbd595a6ebb0e6722dd7,Canada,religion,0.9444444444444445,1.0,0.16666666666666663,0.055555555555555546,0.3333333333333333,0.3333333333333333,0.1111111111111111,0.0,0.1111111111111111,0.8333333333333334,0.8055555555555557,False,True,True,qwen,1a17879e838ffac9d45187ea0ac6dd0f7cca63350bdfdbd595a6ebb0e6722dd7_gpt-image,1.0,-0.0,0.0
1a17879e838ffac9d45187ea0ac6dd0f7cca63350bdfdbd595a6ebb0e6722dd7,Canada,religion,0.9444444444444445,1.0,0.16666666666666663,0.055555555555555546,0.3333333333333333,0.3333333333333333,0.1111111111111111,0.0,0.1111111111111111,0.8333333333333334,0.8055555555555557,False,True,True,smol,1a17879e838ffac9d45187ea0ac6dd0f7cca63350bdfdbd595a6ebb0e6722dd7_SD35,0.3333333333333333,0.9999999999999998,1.0
15d81c53509fad1eebcc27813c424fe7456f03906779d38419d119a0c27e0d46,Canada,etiquette,0.5,0.6666666666666666,0.3333333333333333,0.16666666666666663,0.25,0.25,0.08333333333333333,0.5833333333333333,0.08333333333333333,0.75,0.5416666666666666,True,True,True,qwen,15d81c53509fad1eebcc27813c424fe7456f03906779d38419d119a0c27e0d46_gpt-image,1.0,-0.0,0.0
15d81c53509fad1eebcc27813c424fe7456f03906779d38419d119a0c27e0d46,Canada,etiquette,0.5,0.6666666666666666,0.3333333333333333,0.16666666666666663,0.25,0.25,0.08333333333333333,0.5833333333333333,0.08333333333333333,0.75,0.5416666666666666,True,True,True,smol,15d81c53509fad1eebcc27813c424fe7456f03906779d38419d119a0c27e0d46_SD35,0.3333333333333333,0.792481250360578,1.0
2cdb82ea2bb006113bf02474dac1efcf67c96cdad2d4933e6be1bd190bc09ead,Canada,family,0.8055555555555555,1.0,0.33333333333333337,0.19444444444444445,0.6666666666666666,0.6666666666666666,0.1111111111111111,0.38888888888888884,0.0,0.6527777777777778,0.763888888888889,True,False,True,qwen,2cdb82ea2bb006113bf02474dac1efcf67c96cdad2d4933e6be1bd190bc09ead_SD35,0.6666666666666666,0.5793801642856949,1.0
2cdb82ea2bb006113bf02474dac1efcf67c96cdad2d4933e6be1bd190bc09ead,Canada,family,0.8055555555555555,1.0,0.33333333333333337,0.19444444444444445,0.6666666666666666,0.6666666666666666,0.1111111111111111,0.38888888888888884,0.0,0.6527777777777778,0.763888888888889,True,False,True,smol,2cdb82ea2bb006113bf02474dac1efcf67c96cdad2d4933e6be1bd190bc09ead_SD35,0.3333333333333333,0.9999999999999998,1.0
099980dbc20e2f497b84411d02f6c5b9b7426ff73eff57d2253e974713956696,Canada,etiquette,0.7291666666666666,1.0,0.5,0.27083333333333337,0.5,0.5,0.0,0.5416666666666666,0.125,0.6458333333333333,0.6145833333333334,True,True,False,qwen,099980dbc20e2f497b84411d02f6c5b9b7426ff73eff57d2253e974713956696_gpt-image,1.0,-0.0,0.0
099980dbc20e2f497b84411d02f6c5b9b7426ff73eff57d2253e974713956696,Canada,etiquette,0.7291666666666666,1.0,0.5,0.27083333333333337,0.5,0.5,0.0,0.5416666666666666,0.125,0.6458333333333333,0.6145833333333334,True,True,False,smol,099980dbc20e2f497b84411d02f6c5b9b7426ff73eff57d2253e974713956696_flux,0.6666666666666666,0.4591479170272447,1.0
bda6df7d606214409ef95acf1f43f6684ac8e545861d8e8f559a71fa33ad82af,Canada,greetings,0.6250000000000001,1.0,0.6666666666666667,0.375,0.5,0.5,0.08333333333333333,0.5,0.25,0.6666666666666666,0.6666666666666667,True,True,True,qwen,bda6df7d606214409ef95acf1f43f6684ac8e545861d8e8f559a71fa33ad82af_gpt-image,1.0,-0.0,0.0
bda6df7d606214409ef95acf1f43f6684ac8e545861d8e8f559a71fa33ad82af,Canada,greetings,0.6250000000000001,1.0,0.6666666666666667,0.375,0.5,0.5,0.08333333333333333,0.5,0.25,0.6666666666666666,0.6666666666666667,True,True,True,smol,bda6df7d606214409ef95acf1f43f6684ac8e545861d8e8f559a71fa33ad82af_SD35,0.3333333333333333,0.792481250360578,1.0
8a44ff1bed9715e9875e6778a98dbfdc8364b1e9f9cb1c951b156df83fe2d040,Canada,greetings,0.625,0.8333333333333334,0.33333333333333337,0.20833333333333337,0.5,0.5,0.0,0.75,0.0,0.8958333333333334,0.7239583333333334,True,False,False,qwen,8a44ff1bed9715e9875e6778a98dbfdc8364b1e9f9cb1c951b156df83fe2d040_gpt-image,1.0,-0.0,0.0
8a44ff1bed9715e9875e6778a98dbfdc8364b1e9f9cb1c951b156df83fe2d040,Canada,greetings,0.625,0.8333333333333334,0.33333333333333337,0.20833333333333337,0.5,0.5,0.0,0.75,0.0,0.8958333333333334,0.7239583333333334,True,False,False,smol,8a44ff1bed9715e9875e6778a98dbfdc8364b1e9f9cb1c951b156df83fe2d040_SD35,0.3333333333333333,0.792481250360578,1.0
8a55c32317fe7238c77dd410a70f30d8445cc80638d9112a1b3b1af98129d320,Canada,dates-of-significance,0.875,1.0,0.5,0.125,0.25,0.25,0.08333333333333333,0.16666666666666666,0.08333333333333333,0.7916666666666666,0.75,True,True,True,qwen,8a55c32317fe7238c77dd410a70f30d8445cc80638d9112a1b3b1af98129d320_imagegen3,1.0,-0.0,0.0
8a55c32317fe7238c77dd410a70f30d8445cc80638d9112a1b3b1af98129d320,Canada,dates-of-significance,0.875,1.0,0.5,0.125,0.25,0.25,0.08333333333333333,0.16666666666666666,0.08333333333333333,0.7916666666666666,0.75,True,True,True,smol,8a55c32317fe7238c77dd410a70f30d8445cc80638d9112a1b3b1af98129d320_gpt-image,0.6666666666666666,0.4591479170272447,1.0
8a6b5448b4695ceb7ab34fceb77415d7c7077422cdfce42d8abbc85bb3f7644f,Canada,dates-of-significance,0.875,1.0,0.33333333333333337,0.125,0.5,0.25,0.0,0.16666666666666666,0.16666666666666666,0.7708333333333334,0.8333333333333334,True,True,False,qwen,8a6b5448b4695ceb7ab34fceb77415d7c7077422cdfce42d8abbc85bb3f7644f_gpt-image,1.0,-0.0,0.0
8a6b5448b4695ceb7ab34fceb77415d7c7077422cdfce42d8abbc85bb3f7644f,Canada,dates-of-significance,0.875,1.0,0.33333333333333337,0.125,0.5,0.25,0.0,0.16666666666666666,0.16666666666666666,0.7708333333333334,0.8333333333333334,True,True,False,smol,8a6b5448b4695ceb7ab34fceb77415d7c7077422cdfce42d8abbc85bb3f7644f_SD35,0.3333333333333333,0.792481250360578,1.0
02ee6353c9485fc5af92bfe91039e317dca7869147638fc8f976986f899ab22f,Canada,dates-of-significance,0.7291666666666667,1.0,0.75,0.2708333333333333,0.25,0.25,0.0,0.3333333333333333,0.41666666666666663,0.9166666666666667,0.7604166666666667,True,True,False,qwen,02ee6353c9485fc5af92bfe91039e317dca7869147638fc8f976986f899ab22f_imagegen3,0.6666666666666666,0.4591479170272447,1.0
02ee6353c9485fc5af92bfe91039e317dca7869147638fc8f976986f899ab22f,Canada,dates-of-significance,0.7291666666666667,1.0,0.75,0.2708333333333333,0.25,0.25,0.0,0.3333333333333333,0.41666666666666663,0.9166666666666667,0.7604166666666667,True,True,False,smol,02ee6353c9485fc5af92bfe91039e317dca7869147638fc8f976986f899ab22f_SD35,0.6666666666666666,0.4591479170272447,1.0
d02c8a6c4f0caaf6fc7cbe6fca7865497e4fa703d137dd397ab68669f72130fb,Canada,family,0.4375,1.0,1.0,0.5625,0.5,0.5,0.0,0.75,0.08333333333333333,0.9166666666666667,0.5208333333333333,True,True,False,qwen,d02c8a6c4f0caaf6fc7cbe6fca7865497e4fa703d137dd397ab68669f72130fb_gpt-image,1.0,-0.0,0.0
d02c8a6c4f0caaf6fc7cbe6fca7865497e4fa703d137dd397ab68669f72130fb,Canada,family,0.4375,1.0,1.0,0.5625,0.5,0.5,0.0,0.75,0.08333333333333333,0.9166666666666667,0.5208333333333333,True,True,False,smol,d02c8a6c4f0caaf6fc7cbe6fca7865497e4fa703d137dd397ab68669f72130fb_SD35,0.3333333333333333,0.792481250360578,1.0
bf60e16fa4313f908794ed70e279ca98866c195d1222d215edd5f3265a64c1ff,Canada,dates-of-significance,0.8333333333333334,1.0,0.5,0.16666666666666666,0.3333333333333333,0.3333333333333333,0.0,0.2222222222222222,0.0,0.8055555555555557,0.7638888888888888,True,False,False,qwen,bf60e16fa4313f908794ed70e279ca98866c195d1222d215edd5f3265a64c1ff_SD35,1.0,-0.0,0.0
bf60e16fa4313f908794ed70e279ca98866c195d1222d215edd5f3265a64c1ff,Canada,dates-of-significance,0.8333333333333334,1.0,0.5,0.16666666666666666,0.3333333333333333,0.3333333333333333,0.0,0.2222222222222222,0.0,0.8055555555555557,0.7638888888888888,True,False,False,smol,bf60e16fa4313f908794ed70e279ca98866c195d1222d215edd5f3265a64c1ff_flux,0.6666666666666666,0.5793801642856949,1.0
c3e5001e71ccc1961eecb14a4bedab153de9867ad349ba1947ab0a5f1788654c,Canada,family,0.84375,1.0,0.5,0.15625,0.25,0.25,0.14583333333333331,0.3125,0.0,0.6770833333333334,0.6770833333333334,True,False,True,qwen,c3e5001e71ccc1961eecb14a4bedab153de9867ad349ba1947ab0a5f1788654c_imagegen3,0.6666666666666666,0.4591479170272447,1.0
c3e5001e71ccc1961eecb14a4bedab153de9867ad349ba1947ab0a5f1788654c,Canada,family,0.84375,1.0,0.5,0.15625,0.25,0.25,0.14583333333333331,0.3125,0.0,0.6770833333333334,0.6770833333333334,True,False,True,smol,c3e5001e71ccc1961eecb14a4bedab153de9867ad349ba1947ab0a5f1788654c_SD35,0.3333333333333333,0.792481250360578,1.0
7f24b6496b15fc7e5d4b26055a1dc0f6165d630e1bc28a84e419fb5e9f5441f2,Canada,family,0.7083333333333333,1.0,0.6666666666666667,0.2916666666666667,0.5,0.5,0.16666666666666666,0.41666666666666663,0.3333333333333333,0.875,0.625,True,True,True,qwen,7f24b6496b15fc7e5d4b26055a1dc0f6165d630e1bc28a84e419fb5e9f5441f2_gpt-image,1.0,-0.0,0.0
7f24b6496b15fc7e5d4b26055a1dc0f6165d630e1bc28a84e419fb5e9f5441f2,Canada,family,0.7083333333333333,1.0,0.6666666666666667,0.2916666666666667,0.5,0.5,0.16666666666666666,0.41666666666666663,0.3333333333333333,0.875,0.625,True,True,True,smol,7f24b6496b15fc7e5d4b26055a1dc0f6165d630e1bc28a84e419fb5e9f5441f2_SD35,0.3333333333333333,0.792481250360578,1.0
3d05487131fcfe893b890b2a3c6e5b63e71d1c9673813dafaea8cc87d37d5179,Canada,dates-of-significance,0.6666666666666666,0.8333333333333334,0.33333333333333337,0.1666666666666667,0.25,0.25,0.08333333333333333,0.5833333333333333,0.16666666666666666,0.6666666666666667,0.6666666666666667,True,True,True,qwen,3d05487131fcfe893b890b2a3c6e5b63e71d1c9673813dafaea8cc87d37d5179_gpt-image,1.0,-0.0,0.0
f27d8eb530f1f9a653cf747d0b6f783bd1e76a2a8fb9d871dbde8fdc315ebbed,Canada,etiquette,0.5625,0.8333333333333334,0.8333333333333334,0.27083333333333337,0.25,0.25,0.0,0.5416666666666666,0.08333333333333333,0.75,0.59375,True,True,False,qwen,f27d8eb530f1f9a653cf747d0b6f783bd1e76a2a8fb9d871dbde8fdc315ebbed_gpt-image,1.0,-0.0,0.0
f27d8eb530f1f9a653cf747d0b6f783bd1e76a2a8fb9d871dbde8fdc315ebbed,Canada,etiquette,0.5625,0.8333333333333334,0.8333333333333334,0.27083333333333337,0.25,0.25,0.0,0.5416666666666666,0.08333333333333333,0.75,0.59375,True,True,False,smol,f27d8eb530f1f9a653cf747d0b6f783bd1e76a2a8fb9d871dbde8fdc315ebbed_SD35,0.3333333333333333,0.792481250360578,1.0
f13a1471c9c7a4246bc4b70643ad03e76a66c5e14d4a441c4f154e791b405c97,Canada,dates-of-significance,0.8333333333333334,1.0,0.33333333333333337,0.16666666666666666,0.3333333333333333,0.3333333333333333,0.0,0.2222222222222222,0.1111111111111111,0.7777777777777777,0.7777777777777778,True,True,False,qwen,f13a1471c9c7a4246bc4b70643ad03e76a66c5e14d4a441c4f154e791b405c97_SD35,0.3333333333333333,0.9999999999999998,1.0
f13a1471c9c7a4246bc4b70643ad03e76a66c5e14d4a441c4f154e791b405c97,Canada,dates-of-significance,0.8333333333333334,1.0,0.33333333333333337,0.16666666666666666,0.3333333333333333,0.3333333333333333,0.0,0.2222222222222222,0.1111111111111111,0.7777777777777777,0.7777777777777778,True,True,False,smol,f13a1471c9c7a4246bc4b70643ad03e76a66c5e14d4a441c4f154e791b405c97_SD35,0.3333333333333333,0.9999999999999998,1.0
747e82a16b3eb50ce8d85f4cc758105ac9ed6daf81d7ea6993f0e14bde921000,Canada,dates-of-significance,0.8888888888888888,1.0,0.33333333333333337,0.11111111111111112,0.3333333333333333,0.3333333333333333,0.0,0.1111111111111111,0.1111111111111111,0.7777777777777777,0.8333333333333334,True,True,False,qwen,747e82a16b3eb50ce8d85f4cc758105ac9ed6daf81d7ea6993f0e14bde921000_gpt-image,0.6666666666666666,0.5793801642856949,1.0
747e82a16b3eb50ce8d85f4cc758105ac9ed6daf81d7ea6993f0e14bde921000,Canada,dates-of-significance,0.8888888888888888,1.0,0.33333333333333337,0.11111111111111112,0.3333333333333333,0.3333333333333333,0.0,0.1111111111111111,0.1111111111111111,0.7777777777777777,0.8333333333333334,True,True,False,smol,747e82a16b3eb50ce8d85f4cc758105ac9ed6daf81d7ea6993f0e14bde921000_SD35,0.3333333333333333,0.9999999999999998,1.0
5e35dca983108c4d685c18bbf30b0cb791851adaf58e273fea8548e8243c3170,Canada,dates-of-significance,0.75,0.8333333333333334,0.16666666666666674,0.08333333333333337,0.5,0.5,0.08333333333333333,0.3333333333333333,0.08333333333333333,0.8333333333333334,0.7499999999999999,True,True,True,qwen,5e35dca983108c4d685c18bbf30b0cb791851adaf58e273fea8548e8243c3170_SD35,0.3333333333333333,0.792481250360578,1.0
5e35dca983108c4d685c18bbf30b0cb791851adaf58e273fea8548e8243c3170,Canada,dates-of-significance,0.75,0.8333333333333334,0.16666666666666674,0.08333333333333337,0.5,0.5,0.08333333333333333,0.3333333333333333,0.08333333333333333,0.8333333333333334,0.7499999999999999,True,True,True,smol,5e35dca983108c4d685c18bbf30b0cb791851adaf58e273fea8548e8243c3170_SD35,0.3333333333333333,0.792481250360578,1.0
bdc42b64f0e4e8a9c511d1dd318d4b76bea34f994928f6770eac9edeb0e512c9,Canada,greetings,0.7395833333333333,1.0,0.375,0.2604166666666667,0.75,0.75,0.08333333333333333,0.4375,0.08333333333333333,0.8333333333333334,0.7135416666666667,True,True,True,qwen,bdc42b64f0e4e8a9c511d1dd318d4b76bea34f994928f6770eac9edeb0e512c9_imagegen3,0.6666666666666666,0.4591479170272447,1.0
bdc42b64f0e4e8a9c511d1dd318d4b76bea34f994928f6770eac9edeb0e512c9,Canada,greetings,0.7395833333333333,1.0,0.375,0.2604166666666667,0.75,0.75,0.08333333333333333,0.4375,0.08333333333333333,0.8333333333333334,0.7135416666666667,True,True,True,smol,bdc42b64f0e4e8a9c511d1dd318d4b76bea34f994928f6770eac9edeb0e512c9_SD35,0.3333333333333333,0.792481250360578,1.0
0729daad4d5041983cfca3474617d393c46bb8e68a88b79bc8deaa202dc45460,Canada,etiquette,0.625,1.0,0.6666666666666667,0.375,0.5,0.5,0.0,0.5208333333333333,0.22916666666666663,0.8229166666666667,0.703125,True,True,False,qwen,0729daad4d5041983cfca3474617d393c46bb8e68a88b79bc8deaa202dc45460_gpt-image,1.0,-0.0,0.0
0729daad4d5041983cfca3474617d393c46bb8e68a88b79bc8deaa202dc45460,Canada,etiquette,0.625,1.0,0.6666666666666667,0.375,0.5,0.5,0.0,0.5208333333333333,0.22916666666666663,0.8229166666666667,0.703125,True,True,False,smol,0729daad4d5041983cfca3474617d393c46bb8e68a88b79bc8deaa202dc45460_flux,0.3333333333333333,0.792481250360578,1.0
84e4184286064f3d9767fc435a3f43371835b320af6df98ea2be325e8ca4b4e2,Canada,etiquette,0.625,1.0,0.6666666666666667,0.375,0.5,0.5,0.0,0.6666666666666666,0.08333333333333333,0.75,0.59375,True,True,False,qwen,84e4184286064f3d9767fc435a3f43371835b320af6df98ea2be325e8ca4b4e2_SD35,0.3333333333333333,0.792481250360578,1.0
84e4184286064f3d9767fc435a3f43371835b320af6df98ea2be325e8ca4b4e2,Canada,etiquette,0.625,1.0,0.6666666666666667,0.375,0.5,0.5,0.0,0.6666666666666666,0.08333333333333333,0.75,0.59375,True,True,False,smol,84e4184286064f3d9767fc435a3f43371835b320af6df98ea2be325e8ca4b4e2_SD35,0.6666666666666666,0.4591479170272447,1.0
e1ea2e11f5d41911b8c57fbad687094c6a2085d4ae15a2900eeae401d9003407,Canada,dates-of-significance,0.8888888888888888,1.0,0.33333333333333337,0.11111111111111112,0.3333333333333333,0.3333333333333333,0.0,0.2222222222222222,0.1111111111111111,0.8333333333333334,0.8263888888888888,True,True,False,qwen,e1ea2e11f5d41911b8c57fbad687094c6a2085d4ae15a2900eeae401d9003407_SD35,0.6666666666666666,0.5793801642856949,1.0
e1ea2e11f5d41911b8c57fbad687094c6a2085d4ae15a2900eeae401d9003407,Canada,dates-of-significance,0.8888888888888888,1.0,0.33333333333333337,0.11111111111111112,0.3333333333333333,0.3333333333333333,0.0,0.2222222222222222,0.1111111111111111,0.8333333333333334,0.8263888888888888,True,True,False,smol,e1ea2e11f5d41911b8c57fbad687094c6a2085d4ae15a2900eeae401d9003407_gpt-image,0.6666666666666666,0.5793801642856949,1.0
bcce28b782aa8c6b31fdfdb1fbebb2ab1a700ecafb2bd32bd1f2dcc2eea8a116,Chile,dates-of-significance,0.8333333333333334,1.0,0.5,0.16666666666666666,0.25,0.25,0.0,0.25,0.08333333333333333,0.875,0.7291666666666666,True,True,False,qwen,bcce28b782aa8c6b31fdfdb1fbebb2ab1a700ecafb2bd32bd1f2dcc2eea8a116_imagegen3,0.6666666666666666,0.4591479170272447,1.0
bcce28b782aa8c6b31fdfdb1fbebb2ab1a700ecafb2bd32bd1f2dcc2eea8a116,Chile,dates-of-significance,0.8333333333333334,1.0,0.5,0.16666666666666666,0.25,0.25,0.0,0.25,0.08333333333333333,0.875,0.7291666666666666,True,True,False,smol,bcce28b782aa8c6b31fdfdb1fbebb2ab1a700ecafb2bd32bd1f2dcc2eea8a116_gpt-image,0.6666666666666666,0.4591479170272447,1.0
2c519294a10c808101e8ade1145faedbe1e371040e092a7634d089ff29d4d0b5,Chile,dates-of-significance,0.5555555555555555,1.0,0.6666666666666667,0.4444444444444445,0.6666666666666666,0.6666666666666666,0.1111111111111111,0.4444444444444444,0.4444444444444444,0.7777777777777778,0.5555555555555556,True,True,True,qwen,2c519294a10c808101e8ade1145faedbe1e371040e092a7634d089ff29d4d0b5_gpt-image,1.0,-0.0,0.0
2c519294a10c808101e8ade1145faedbe1e371040e092a7634d089ff29d4d0b5,Chile,dates-of-significance,0.5555555555555555,1.0,0.6666666666666667,0.4444444444444445,0.6666666666666666,0.6666666666666666,0.1111111111111111,0.4444444444444444,0.4444444444444444,0.7777777777777778,0.5555555555555556,True,True,True,smol,2c519294a10c808101e8ade1145faedbe1e371040e092a7634d089ff29d4d0b5_SD35,0.3333333333333333,0.9999999999999998,1.0
a6a3a31f7ce50c70ca5a6aaba042d70207097baba9eca0749695d3a73d59119e,Chile,dates-of-significance,0.9375,1.0,0.25,0.0625,0.25,0.25,0.125,0.125,0.0,0.75,0.65625,True,False,True,qwen,a6a3a31f7ce50c70ca5a6aaba042d70207097baba9eca0749695d3a73d59119e_SD35,0.6666666666666666,0.4591479170272447,1.0
a6a3a31f7ce50c70ca5a6aaba042d70207097baba9eca0749695d3a73d59119e,Chile,dates-of-significance,0.9375,1.0,0.25,0.0625,0.25,0.25,0.125,0.125,0.0,0.75,0.65625,True,False,True,smol,a6a3a31f7ce50c70ca5a6aaba042d70207097baba9eca0749695d3a73d59119e_SD35,0.3333333333333333,0.792481250360578,1.0
330fddcd9a84fd9df2a62e3d187fe5ab079020bd1ccaceace9f2788d0d8c06a1,Chile,family,0.7291666666666666,0.8333333333333334,0.16666666666666674,0.10416666666666671,0.5,0.5,0.20833333333333331,0.3333333333333333,0.29166666666666663,0.7708333333333333,0.6145833333333334,True,True,True,qwen,330fddcd9a84fd9df2a62e3d187fe5ab079020bd1ccaceace9f2788d0d8c06a1_gpt-image,1.0,-0.0,0.0
330fddcd9a84fd9df2a62e3d187fe5ab079020bd1ccaceace9f2788d0d8c06a1,Chile,family,0.7291666666666666,0.8333333333333334,0.16666666666666674,0.10416666666666671,0.5,0.5,0.20833333333333331,0.3333333333333333,0.29166666666666663,0.7708333333333333,0.6145833333333334,True,True,True,smol,330fddcd9a84fd9df2a62e3d187fe5ab079020bd1ccaceace9f2788d0d8c06a1_flux,0.6666666666666666,0.4591479170272447,1.0
d723dbf530a8e7ea663e46ddfa0f59ec9717cf36798247122d59fe641dd3ae5b,Chile,greetings,0.9375,1.0,0.25,0.0625,0.25,0.25,0.0,0.125,0.0,0.5833333333333334,0.71875,True,False,False,qwen,d723dbf530a8e7ea663e46ddfa0f59ec9717cf36798247122d59fe641dd3ae5b_gpt-image,0.6666666666666666,0.4591479170272447,1.0
d723dbf530a8e7ea663e46ddfa0f59ec9717cf36798247122d59fe641dd3ae5b,Chile,greetings,0.9375,1.0,0.25,0.0625,0.25,0.25,0.0,0.125,0.0,0.5833333333333334,0.71875,True,False,False,smol,d723dbf530a8e7ea663e46ddfa0f59ec9717cf36798247122d59fe641dd3ae5b_flux,0.6666666666666666,0.4591479170272447,1.0
63dadeab542865ae90bf24695a06fa79b8fe099b6dbdb3ff3c8b9a92be2ad1f1,Chile,family,1.0,1.0,0.0,0.0,0.0,0.0,0.0,0.0,0.0,0.7777777777777778,0.9166666666666666,False,False,False,qwen,63dadeab542865ae90bf24695a06fa79b8fe099b6dbdb3ff3c8b9a92be2ad1f1_flux,0.6666666666666666,0.5793801642856949,1.0
63dadeab542865ae90bf24695a06fa79b8fe099b6dbdb3ff3c8b9a92be2ad1f1,Chile,family,1.0,1.0,0.0,0.0,0.0,0.0,0.0,0.0,0.0,0.7777777777777778,0.9166666666666666,False,False,False,smol,63dadeab542865ae90bf24695a06fa79b8fe099b6dbdb3ff3c8b9a92be2ad1f1_flux,0.6666666666666666,0.5793801642856949,1.0
2fc37415dce92049d794beed8827a3a45b35969f01d3ed91ef7e7f78ad0a970f,Chile,etiquette,0.875,1.0,0.16666666666666663,0.12499999999999997,0.75,0.0,0.0,0.08333333333333333,0.16666666666666666,0.7291666666666666,0.7291666666666667,True,True,False,qwen,2fc37415dce92049d794beed8827a3a45b35969f01d3ed91ef7e7f78ad0a970f_SD35,0.6666666666666666,0.4591479170272447,1.0
2fc37415dce92049d794beed8827a3a45b35969f01d3ed91ef7e7f78ad0a970f,Chile,etiquette,0.875,1.0,0.16666666666666663,0.12499999999999997,0.75,0.0,0.0,0.08333333333333333,0.16666666666666666,0.7291666666666666,0.7291666666666667,True,True,False,smol,2fc37415dce92049d794beed8827a3a45b35969f01d3ed91ef7e7f78ad0a970f_flux,0.6666666666666666,0.4591479170272447,1.0
314885d3d5f854c1377b35cc0db251a481db2fbac0659190e996eb2914610621,Chile,etiquette,0.9166666666666667,1.0,0.16666666666666663,0.08333333333333331,0.5,0.5,0.08333333333333333,0.08333333333333333,0.08333333333333333,0.7916666666666666,0.7291666666666666,True,True,True,qwen,314885d3d5f854c1377b35cc0db251a481db2fbac0659190e996eb2914610621_gpt-image,1.0,-0.0,0.0
314885d3d5f854c1377b35cc0db251a481db2fbac0659190e996eb2914610621,Chile,etiquette,0.9166666666666667,1.0,0.16666666666666663,0.08333333333333331,0.5,0.5,0.08333333333333333,0.08333333333333333,0.08333333333333333,0.7916666666666666,0.7291666666666666,True,True,True,smol,314885d3d5f854c1377b35cc0db251a481db2fbac0659190e996eb2914610621_SD35,0.3333333333333333,0.792481250360578,1.0
12d4b4b12aac651c867d8d7b72db8d94e35957b708ab2ea58cf471b84e0437e7,Chile,etiquette,0.6944444444444445,0.8333333333333334,0.33333333333333337,0.13888888888888892,0.3333333333333333,0.3333333333333333,0.0,0.2222222222222222,0.38888888888888884,0.7777777777777778,0.6805555555555555,True,True,False,qwen,12d4b4b12aac651c867d8d7b72db8d94e35957b708ab2ea58cf471b84e0437e7_gpt-image,1.0,-0.0,0.0
12d4b4b12aac651c867d8d7b72db8d94e35957b708ab2ea58cf471b84e0437e7,Chile,etiquette,0.6944444444444445,0.8333333333333334,0.33333333333333337,0.13888888888888892,0.3333333333333333,0.3333333333333333,0.0,0.2222222222222222,0.38888888888888884,0.7777777777777778,0.6805555555555555,True,True,False,smol,12d4b4b12aac651c867d8d7b72db8d94e35957b708ab2ea58cf471b84e0437e7_SD35,0.6666666666666666,0.5793801642856949,1.0
0bdb749665571453db1b55c0f3c9c5fd5aa47e7a9688014874a50f9ee100e575,Chile,dates-of-significance,0.6666666666666666,1.0,0.8333333333333334,0.33333333333333337,0.5,0.5,0.14583333333333331,0.3333333333333333,0.25,0.5833333333333333,0.49479166666666663,True,True,True,qwen,0bdb749665571453db1b55c0f3c9c5fd5aa47e7a9688014874a50f9ee100e575_gpt-image,1.0,-0.0,0.0
0bdb749665571453db1b55c0f3c9c5fd5aa47e7a9688014874a50f9ee100e575,Chile,dates-of-significance,0.6666666666666666,1.0,0.8333333333333334,0.33333333333333337,0.5,0.5,0.14583333333333331,0.3333333333333333,0.25,0.5833333333333333,0.49479166666666663,True,True,True,smol,0bdb749665571453db1b55c0f3c9c5fd5aa47e7a9688014874a50f9ee100e575_flux,0.3333333333333333,0.792481250360578,1.0
b66cd959cd54a3c7566e757dad8647887d1580dee450c56210d8d00eba83a6f8,Chile,dates-of-significance,0.6666666666666666,0.6666666666666666,0.0,0.0,0.0,0.0,0.1111111111111111,0.3333333333333333,0.3333333333333333,0.7222222222222223,0.5277777777777778,False,True,True,qwen,b66cd959cd54a3c7566e757dad8647887d1580dee450c56210d8d00eba83a6f8_gpt-image,0.6666666666666666,0.5793801642856949,1.0
b66cd959cd54a3c7566e757dad8647887d1580dee450c56210d8d00eba83a6f8,Chile,dates-of-significance,0.6666666666666666,0.6666666666666666,0.0,0.0,0.0,0.0,0.1111111111111111,0.3333333333333333,0.3333333333333333,0.7222222222222223,0.5277777777777778,False,True,True,smol,b66cd959cd54a3c7566e757dad8647887d1580dee450c56210d8d00eba83a6f8_SD35,0.6666666666666666,0.5793801642856949,1.0
7c51b0579f2a01ed23dbf4a6a21134431808d94f57d4ab74f5e93d3a275d2a23,Chile,etiquette,0.4444444444444445,0.8333333333333334,0.8333333333333334,0.3888888888888889,0.3333333333333333,0.3333333333333333,0.0,0.7777777777777778,0.0,0.7777777777777778,0.4444444444444444,True,False,False,qwen,7c51b0579f2a01ed23dbf4a6a21134431808d94f57d4ab74f5e93d3a275d2a23_SD35,0.3333333333333333,0.9999999999999998,1.0
7c51b0579f2a01ed23dbf4a6a21134431808d94f57d4ab74f5e93d3a275d2a23,Chile,etiquette,0.4444444444444445,0.8333333333333334,0.8333333333333334,0.3888888888888889,0.3333333333333333,0.3333333333333333,0.0,0.7777777777777778,0.0,0.7777777777777778,0.4444444444444444,True,False,False,smol,7c51b0579f2a01ed23dbf4a6a21134431808d94f57d4ab74f5e93d3a275d2a23_gpt-image,0.6666666666666666,0.5793801642856949,1.0
881d059bd8ce3a4a7acb9fe87689cd8d553af5d0fd7197c6dbca2bc9211b9bf9,Chile,family,0.7708333333333334,1.0,0.5,0.22916666666666666,0.5,0.25,0.08333333333333333,0.375,0.08333333333333333,0.7916666666666666,0.5416666666666666,True,True,True,qwen,881d059bd8ce3a4a7acb9fe87689cd8d553af5d0fd7197c6dbca2bc9211b9bf9_gpt-image,1.0,-0.0,0.0
881d059bd8ce3a4a7acb9fe87689cd8d553af5d0fd7197c6dbca2bc9211b9bf9,Chile,family,0.7708333333333334,1.0,0.5,0.22916666666666666,0.5,0.25,0.08333333333333333,0.375,0.08333333333333333,0.7916666666666666,0.5416666666666666,True,True,True,smol,881d059bd8ce3a4a7acb9fe87689cd8d553af5d0fd7197c6dbca2bc9211b9bf9_SD35,0.3333333333333333,0.792481250360578,1.0
e8b00743cc790f5e69cbc0b5ce74184348c2b341c01580b89e0a922ee47e1a46,Chile,dates-of-significance,0.6388888888888888,0.75,0.25,0.11111111111111112,0.3333333333333333,0.3333333333333333,0.0,0.4444444444444444,0.16666666666666666,0.9166666666666666,0.6527777777777778,True,True,False,qwen,e8b00743cc790f5e69cbc0b5ce74184348c2b341c01580b89e0a922ee47e1a46_gpt-image,1.0,-0.0,0.0
e8b00743cc790f5e69cbc0b5ce74184348c2b341c01580b89e0a922ee47e1a46,Chile,dates-of-significance,0.6388888888888888,0.75,0.25,0.11111111111111112,0.3333333333333333,0.3333333333333333,0.0,0.4444444444444444,0.16666666666666666,0.9166666666666666,0.6527777777777778,True,True,False,smol,e8b00743cc790f5e69cbc0b5ce74184348c2b341c01580b89e0a922ee47e1a46_SD35,0.3333333333333333,0.9999999999999998,1.0
9c3fd543139ef8504c2c277809d7ec157435553a52459ea6ecb0ba2cf0c9f34d,Chile,greetings,0.6458333333333334,1.0,0.75,0.35416666666666663,0.5,0.5,0.25,0.20833333333333331,0.5833333333333333,0.6041666666666666,0.5520833333333334,True,True,True,qwen,9c3fd543139ef8504c2c277809d7ec157435553a52459ea6ecb0ba2cf0c9f34d_gpt-image,1.0,-0.0,0.0
9c3fd543139ef8504c2c277809d7ec157435553a52459ea6ecb0ba2cf0c9f34d,Chile,greetings,0.6458333333333334,1.0,0.75,0.35416666666666663,0.5,0.5,0.25,0.20833333333333331,0.5833333333333333,0.6041666666666666,0.5520833333333334,True,True,True,smol,9c3fd543139ef8504c2c277809d7ec157435553a52459ea6ecb0ba2cf0c9f34d_SD35,0.3333333333333333,0.792481250360578,1.0
6b9907c6863a4527d005e13eebc1bb294aa5b88df070b6413d7faa0694799d82,Chile,etiquette,0.6041666666666666,0.8333333333333334,0.5,0.22916666666666669,0.5,0.5,0.0,0.6458333333333333,0.0,0.78125,0.5572916666666667,True,False,False,qwen,6b9907c6863a4527d005e13eebc1bb294aa5b88df070b6413d7faa0694799d82_gpt-image,1.0,-0.0,0.0
6b9907c6863a4527d005e13eebc1bb294aa5b88df070b6413d7faa0694799d82,Chile,etiquette,0.6041666666666666,0.8333333333333334,0.5,0.22916666666666669,0.5,0.5,0.0,0.6458333333333333,0.0,0.78125,0.5572916666666667,True,False,False,smol,6b9907c6863a4527d005e13eebc1bb294aa5b88df070b6413d7faa0694799d82_gpt-image,0.6666666666666666,0.4591479170272447,1.0
0b9e97b75410a2a7d9e729047f13ff1c2ea4392dd9cbf4d4b97839d7fdf6e6ff,Chile,family,0.7708333333333333,1.0,0.33333333333333337,0.22916666666666669,0.75,0.5,0.0,0.08333333333333333,0.375,0.9166666666666667,0.6666666666666666,True,True,False,qwen,0b9e97b75410a2a7d9e729047f13ff1c2ea4392dd9cbf4d4b97839d7fdf6e6ff_SD35,0.3333333333333333,0.792481250360578,1.0
0b9e97b75410a2a7d9e729047f13ff1c2ea4392dd9cbf4d4b97839d7fdf6e6ff,Chile,family,0.7708333333333333,1.0,0.33333333333333337,0.22916666666666669,0.75,0.5,0.0,0.08333333333333333,0.375,0.9166666666666667,0.6666666666666666,True,True,False,smol,0b9e97b75410a2a7d9e729047f13ff1c2ea4392dd9cbf4d4b97839d7fdf6e6ff_SD35,0.3333333333333333,0.792481250360578,1.0
82b25378d2a31c395de993af147f173126697708b926fdde513bb34e960bcc07,Chile,greetings,0.6666666666666667,1.0,0.6666666666666667,0.33333333333333337,0.5,0.5,0.0,0.25,0.41666666666666663,0.625,0.5416666666666666,True,True,False,qwen,82b25378d2a31c395de993af147f173126697708b926fdde513bb34e960bcc07_gpt-image,1.0,-0.0,0.0
82b25378d2a31c395de993af147f173126697708b926fdde513bb34e960bcc07,Chile,greetings,0.6666666666666667,1.0,0.6666666666666667,0.33333333333333337,0.5,0.5,0.0,0.25,0.41666666666666663,0.625,0.5416666666666666,True,True,False,smol,82b25378d2a31c395de993af147f173126697708b926fdde513bb34e960bcc07_SD35,0.3333333333333333,0.792481250360578,1.0
e2349f8afad3be8317c260f441fc82b11ea6c4224876726ed2a497f50d8f3d95,Chile,family,1.0,1.0,0.0,0.0,0.0,0.0,0.08333333333333333,0.0,0.0,0.75,0.7083333333333333,False,False,True,qwen,e2349f8afad3be8317c260f441fc82b11ea6c4224876726ed2a497f50d8f3d95_imagegen3,0.6666666666666666,0.4591479170272447,1.0
e2349f8afad3be8317c260f441fc82b11ea6c4224876726ed2a497f50d8f3d95,Chile,family,1.0,1.0,0.0,0.0,0.0,0.0,0.08333333333333333,0.0,0.0,0.75,0.7083333333333333,False,False,True,smol,e2349f8afad3be8317c260f441fc82b11ea6c4224876726ed2a497f50d8f3d95_gpt-image,0.6666666666666666,0.4591479170272447,1.0
85bf901aaa8003e7f117f830810dfcbcafee3b426723357b7f30eaaf9033c00f,Chile,etiquette,0.8333333333333334,1.0,0.5,0.16666666666666666,0.25,0.25,0.25,0.08333333333333333,0.25,0.7916666666666666,0.625,True,True,True,qwen,85bf901aaa8003e7f117f830810dfcbcafee3b426723357b7f30eaaf9033c00f_gpt-image,0.6666666666666666,0.4591479170272447,1.0
85bf901aaa8003e7f117f830810dfcbcafee3b426723357b7f30eaaf9033c00f,Chile,etiquette,0.8333333333333334,1.0,0.5,0.16666666666666666,0.25,0.25,0.25,0.08333333333333333,0.25,0.7916666666666666,0.625,True,True,True,smol,85bf901aaa8003e7f117f830810dfcbcafee3b426723357b7f30eaaf9033c00f_flux,0.6666666666666666,0.4591479170272447,1.0
68a572d068fc44cc8eb911dabbda8ac70c19accced7b8c410a668ddb7190301b,Chile,greetings,0.7708333333333334,0.8333333333333334,0.16666666666666674,0.06250000000000003,0.5,0.25,0.0,0.29166666666666663,0.29166666666666663,0.8333333333333334,0.5833333333333334,True,True,False,qwen,68a572d068fc44cc8eb911dabbda8ac70c19accced7b8c410a668ddb7190301b_imagegen3,1.0,-0.0,0.0
68a572d068fc44cc8eb911dabbda8ac70c19accced7b8c410a668ddb7190301b,Chile,greetings,0.7708333333333334,0.8333333333333334,0.16666666666666674,0.06250000000000003,0.5,0.25,0.0,0.29166666666666663,0.29166666666666663,0.8333333333333334,0.5833333333333334,True,True,False,smol,68a572d068fc44cc8eb911dabbda8ac70c19accced7b8c410a668ddb7190301b_SD35,0.3333333333333333,0.792481250360578,1.0
fd0cfc776e75b57973c1d2d7538a64b73f16a86ccf5537647230d5d7df68f085,Chile,dates-of-significance,0.75,1.0,0.8333333333333334,0.25,0.25,0.25,0.25,0.25,0.25,0.7500000000000001,0.5833333333333333,True,True,True,qwen,fd0cfc776e75b57973c1d2d7538a64b73f16a86ccf5537647230d5d7df68f085_SD35,0.6666666666666666,0.4591479170272447,1.0
fd0cfc776e75b57973c1d2d7538a64b73f16a86ccf5537647230d5d7df68f085,Chile,dates-of-significance,0.75,1.0,0.8333333333333334,0.25,0.25,0.25,0.25,0.25,0.25,0.7500000000000001,0.5833333333333333,True,True,True,smol,fd0cfc776e75b57973c1d2d7538a64b73f16a86ccf5537647230d5d7df68f085_flux,0.3333333333333333,0.792481250360578,1.0
f89fda924fb71a3019d712d306ec89e6f2ac2af47a7a58b3cc8563ec4203c8d2,Chile,etiquette,0.7083333333333334,1.0,0.5,0.29166666666666663,0.5,0.5,0.0,0.16666666666666666,0.5,0.8333333333333334,0.6041666666666666,True,True,False,qwen,f89fda924fb71a3019d712d306ec89e6f2ac2af47a7a58b3cc8563ec4203c8d2_gpt-image,1.0,-0.0,0.0
f89fda924fb71a3019d712d306ec89e6f2ac2af47a7a58b3cc8563ec4203c8d2,Chile,etiquette,0.7083333333333334,1.0,0.5,0.29166666666666663,0.5,0.5,0.0,0.16666666666666666,0.5,0.8333333333333334,0.6041666666666666,True,True,False,smol,f89fda924fb71a3019d712d306ec89e6f2ac2af47a7a58b3cc8563ec4203c8d2_SD35,0.3333333333333333,0.792481250360578,1.0
497aa2002d2f0500e736a9c6fb7c9fa7a55cf591ad5da4ddfce7a59c529f137d,Chile,etiquette,0.8333333333333334,1.0,0.33333333333333337,0.16666666666666666,0.25,0.25,0.0,0.25,0.08333333333333333,0.8541666666666667,0.6666666666666667,True,True,False,qwen,497aa2002d2f0500e736a9c6fb7c9fa7a55cf591ad5da4ddfce7a59c529f137d_gpt-image,0.6666666666666666,0.4591479170272447,1.0
497aa2002d2f0500e736a9c6fb7c9fa7a55cf591ad5da4ddfce7a59c529f137d,Chile,etiquette,0.8333333333333334,1.0,0.33333333333333337,0.16666666666666666,0.25,0.25,0.0,0.25,0.08333333333333333,0.8541666666666667,0.6666666666666667,True,True,False,smol,497aa2002d2f0500e736a9c6fb7c9fa7a55cf591ad5da4ddfce7a59c529f137d_gpt-image,0.6666666666666666,0.4591479170272447,1.0
e031d3f45756e0d7f212afd34b72a13df0af7f6ad9e63cef81cd40b24c1ceded,Chile,greetings,0.875,1.0,0.33333333333333337,0.125,0.5,0.25,0.08333333333333333,0.08333333333333333,0.16666666666666666,0.7708333333333334,0.6145833333333334,True,True,True,qwen,e031d3f45756e0d7f212afd34b72a13df0af7f6ad9e63cef81cd40b24c1ceded_imagegen3,0.6666666666666666,0.4591479170272447,1.0
e031d3f45756e0d7f212afd34b72a13df0af7f6ad9e63cef81cd40b24c1ceded,Chile,greetings,0.875,1.0,0.33333333333333337,0.125,0.5,0.25,0.08333333333333333,0.08333333333333333,0.16666666666666666,0.7708333333333334,0.6145833333333334,True,True,True,smol,e031d3f45756e0d7f212afd34b72a13df0af7f6ad9e63cef81cd40b24c1ceded_SD35,0.3333333333333333,0.792481250360578,1.0
952e5ca6786d3297fa9cc6904459908453f05558ffd4e522f56cce735086481b,Chile,etiquette,0.7222222222222222,0.8333333333333334,0.16666666666666674,0.11111111111111116,0.6666666666666666,0.6666666666666666,0.0,0.4444444444444444,0.3333333333333333,0.7222222222222222,0.5833333333333334,True,True,False,qwen,952e5ca6786d3297fa9cc6904459908453f05558ffd4e522f56cce735086481b_SD35,0.3333333333333333,0.9999999999999998,1.0
952e5ca6786d3297fa9cc6904459908453f05558ffd4e522f56cce735086481b,Chile,etiquette,0.7222222222222222,0.8333333333333334,0.16666666666666674,0.11111111111111116,0.6666666666666666,0.6666666666666666,0.0,0.4444444444444444,0.3333333333333333,0.7222222222222222,0.5833333333333334,True,True,False,smol,952e5ca6786d3297fa9cc6904459908453f05558ffd4e522f56cce735086481b_SD35,0.3333333333333333,0.9999999999999998,1.0
a7dc5a75426bf77e2ec2c2d05e05f7606bf479193bdd151e6a2aa81c184a9415,Chile,dates-of-significance,0.7916666666666667,1.0,0.5,0.20833333333333331,0.25,0.25,0.0,0.41666666666666663,0.0,0.9583333333333334,0.6666666666666667,True,False,False,qwen,a7dc5a75426bf77e2ec2c2d05e05f7606bf479193bdd151e6a2aa81c184a9415_gpt-image,1.0,-0.0,0.0
a7dc5a75426bf77e2ec2c2d05e05f7606bf479193bdd151e6a2aa81c184a9415,Chile,dates-of-significance,0.7916666666666667,1.0,0.5,0.20833333333333331,0.25,0.25,0.0,0.41666666666666663,0.0,0.9583333333333334,0.6666666666666667,True,False,False,smol,a7dc5a75426bf77e2ec2c2d05e05f7606bf479193bdd151e6a2aa81c184a9415_flux,0.3333333333333333,0.792481250360578,1.0
bb07f2c22994d429abdad8cf9aeda57b3df32be7532672ea59eb08f9a5a448ab,Chile,religion,0.625,0.8333333333333334,0.33333333333333337,0.20833333333333337,0.5,0.5,0.0,0.5833333333333333,0.375,0.7291666666666667,0.4479166666666667,True,True,False,qwen,bb07f2c22994d429abdad8cf9aeda57b3df32be7532672ea59eb08f9a5a448ab_gpt-image,1.0,-0.0,0.0
bb07f2c22994d429abdad8cf9aeda57b3df32be7532672ea59eb08f9a5a448ab,Chile,religion,0.625,0.8333333333333334,0.33333333333333337,0.20833333333333337,0.5,0.5,0.0,0.5833333333333333,0.375,0.7291666666666667,0.4479166666666667,True,True,False,smol,bb07f2c22994d429abdad8cf9aeda57b3df32be7532672ea59eb08f9a5a448ab_gpt-image,0.6666666666666666,0.4591479170272447,1.0
1af0684e0448077a6c350e219c14c4e5521e6dc8b8ef02a282a9eabc2c9fb154,Chile,etiquette,0.8333333333333334,1.0,0.33333333333333337,0.16666666666666666,0.3333333333333333,0.3333333333333333,0.27777777777777773,0.2222222222222222,0.1111111111111111,0.8055555555555555,0.6944444444444443,True,True,True,qwen,1af0684e0448077a6c350e219c14c4e5521e6dc8b8ef02a282a9eabc2c9fb154_gpt-image,1.0,-0.0,0.0
1af0684e0448077a6c350e219c14c4e5521e6dc8b8ef02a282a9eabc2c9fb154,Chile,etiquette,0.8333333333333334,1.0,0.33333333333333337,0.16666666666666666,0.3333333333333333,0.3333333333333333,0.27777777777777773,0.2222222222222222,0.1111111111111111,0.8055555555555555,0.6944444444444443,True,True,True,smol,1af0684e0448077a6c350e219c14c4e5521e6dc8b8ef02a282a9eabc2c9fb154_SD35,0.3333333333333333,0.9999999999999998,1.0
21b5166d96b77e902570284e68b8e305dd7ddfe3c9c3c558c4925c4ee8258d0e,Chile,etiquette,0.625,0.6666666666666666,0.16666666666666663,0.04166666666666666,0.25,0.25,0.0,0.5416666666666666,0.29166666666666663,0.7291666666666667,0.47916666666666663,True,True,False,qwen,21b5166d96b77e902570284e68b8e305dd7ddfe3c9c3c558c4925c4ee8258d0e_gpt-image,1.0,-0.0,0.0
21b5166d96b77e902570284e68b8e305dd7ddfe3c9c3c558c4925c4ee8258d0e,Chile,etiquette,0.625,0.6666666666666666,0.16666666666666663,0.04166666666666666,0.25,0.25,0.0,0.5416666666666666,0.29166666666666663,0.7291666666666667,0.47916666666666663,True,True,False,smol,21b5166d96b77e902570284e68b8e305dd7ddfe3c9c3c558c4925c4ee8258d0e_SD35,0.3333333333333333,0.792481250360578,1.0
4b94a5344f6f92959aea05e5e7dc294d0195061b9abdf48228d20fee2d2ad570,China,dates-of-significance,0.4166666666666667,0.75,0.5833333333333334,0.3333333333333333,0.6666666666666666,0.6666666666666666,0.2222222222222222,0.7222222222222222,0.3333333333333333,0.7777777777777777,0.4583333333333333,True,True,True,qwen,4b94a5344f6f92959aea05e5e7dc294d0195061b9abdf48228d20fee2d2ad570_gpt-image,0.6666666666666666,0.5793801642856949,1.0
4b94a5344f6f92959aea05e5e7dc294d0195061b9abdf48228d20fee2d2ad570,China,dates-of-significance,0.4166666666666667,0.75,0.5833333333333334,0.3333333333333333,0.6666666666666666,0.6666666666666666,0.2222222222222222,0.7222222222222222,0.3333333333333333,0.7777777777777777,0.4583333333333333,True,True,True,smol,4b94a5344f6f92959aea05e5e7dc294d0195061b9abdf48228d20fee2d2ad570_SD35,0.3333333333333333,0.9999999999999998,1.0
f72acbfa2f61e55f14ef50a6ccbc29fcb9bc13d9a4d51d797997ed0d901ba030,China,greetings,0.5,0.6666666666666666,0.3333333333333333,0.16666666666666666,0.3333333333333333,0.3333333333333333,0.2222222222222222,0.6666666666666666,0.2222222222222222,0.7777777777777778,0.47222222222222227,True,True,True,qwen,f72acbfa2f61e55f14ef50a6ccbc29fcb9bc13d9a4d51d797997ed0d901ba030_SD35,0.3333333333333333,0.9999999999999998,1.0
f72acbfa2f61e55f14ef50a6ccbc29fcb9bc13d9a4d51d797997ed0d901ba030,China,greetings,0.5,0.6666666666666666,0.3333333333333333,0.16666666666666666,0.3333333333333333,0.3333333333333333,0.2222222222222222,0.6666666666666666,0.2222222222222222,0.7777777777777778,0.47222222222222227,True,True,True,smol,f72acbfa2f61e55f14ef50a6ccbc29fcb9bc13d9a4d51d797997ed0d901ba030_SD35,0.6666666666666666,0.5793801642856949,1.0
68118e2ec41a3839efc9e7b17dca7ae89fe35136c8db3c0a62f7967c49291ea4,China,greetings,0.9583333333333334,1.0,0.16666666666666663,0.04166666666666666,0.25,0.25,0.08333333333333333,0.08333333333333333,0.0,0.7916666666666667,0.7291666666666666,True,False,True,qwen,68118e2ec41a3839efc9e7b17dca7ae89fe35136c8db3c0a62f7967c49291ea4_SD35,0.3333333333333333,0.792481250360578,1.0
68118e2ec41a3839efc9e7b17dca7ae89fe35136c8db3c0a62f7967c49291ea4,China,greetings,0.9583333333333334,1.0,0.16666666666666663,0.04166666666666666,0.25,0.25,0.08333333333333333,0.08333333333333333,0.0,0.7916666666666667,0.7291666666666666,True,False,True,smol,68118e2ec41a3839efc9e7b17dca7ae89fe35136c8db3c0a62f7967c49291ea4_flux,0.3333333333333333,0.792481250360578,1.0
4368c5d283401023b36da2c0ab8b2d6f32137194c32f99e9fc697739247df47e,China,etiquette,0.8333333333333334,0.8333333333333334,0.0,0.0,0.0,0.0,0.08333333333333333,0.16666666666666666,0.16666666666666666,0.6666666666666667,0.5833333333333334,True,True,True,qwen,4368c5d283401023b36da2c0ab8b2d6f32137194c32f99e9fc697739247df47e_SD35,0.3333333333333333,0.792481250360578,1.0
4368c5d283401023b36da2c0ab8b2d6f32137194c32f99e9fc697739247df47e,China,etiquette,0.8333333333333334,0.8333333333333334,0.0,0.0,0.0,0.0,0.08333333333333333,0.16666666666666666,0.16666666666666666,0.6666666666666667,0.5833333333333334,True,True,True,smol,4368c5d283401023b36da2c0ab8b2d6f32137194c32f99e9fc697739247df47e_SD35,0.6666666666666666,0.4591479170272447,1.0
a533bed9f99bf67bca1f40a86d469dd8eb7b88fc1ecef139071241b9a9b909e4,China,religion,0.9166666666666667,1.0,0.16666666666666663,0.08333333333333331,0.5,0.5,0.0,0.16666666666666666,0.08333333333333333,0.75,0.7291666666666666,True,True,False,qwen,a533bed9f99bf67bca1f40a86d469dd8eb7b88fc1ecef139071241b9a9b909e4_flux,0.6666666666666666,0.4591479170272447,1.0
a533bed9f99bf67bca1f40a86d469dd8eb7b88fc1ecef139071241b9a9b909e4,China,religion,0.9166666666666667,1.0,0.16666666666666663,0.08333333333333331,0.5,0.5,0.0,0.16666666666666666,0.08333333333333333,0.75,0.7291666666666666,True,True,False,smol,a533bed9f99bf67bca1f40a86d469dd8eb7b88fc1ecef139071241b9a9b909e4_flux,0.6666666666666666,0.4591479170272447,1.0
dc34313ff019a6e6398537bf10d6c921d9e50323120506b3415dbaaf4c83a8f8,China,dates-of-significance,0.4444444444444444,0.6666666666666666,0.3333333333333333,0.2222222222222222,0.6666666666666666,0.6666666666666666,0.0,0.6666666666666666,0.6666666666666666,0.7777777777777778,0.38888888888888884,True,False,False,qwen,dc34313ff019a6e6398537bf10d6c921d9e50323120506b3415dbaaf4c83a8f8_gpt-image,0.6666666666666666,0.5793801642856949,1.0
dc34313ff019a6e6398537bf10d6c921d9e50323120506b3415dbaaf4c83a8f8,China,dates-of-significance,0.4444444444444444,0.6666666666666666,0.3333333333333333,0.2222222222222222,0.6666666666666666,0.6666666666666666,0.0,0.6666666666666666,0.6666666666666666,0.7777777777777778,0.38888888888888884,True,False,False,smol,dc34313ff019a6e6398537bf10d6c921d9e50323120506b3415dbaaf4c83a8f8_gpt-image,0.6666666666666666,0.5793801642856949,1.0
3e49f7688d6c5f317450187940c9efb020745444983aab31f42eec24665bd7d2,China,greetings,0.5416666666666666,1.0,0.8333333333333334,0.45833333333333337,0.75,0.25,0.16666666666666666,0.5833333333333333,0.08333333333333333,0.7083333333333334,0.43750000000000006,True,True,True,qwen,3e49f7688d6c5f317450187940c9efb020745444983aab31f42eec24665bd7d2_imagegen3,0.6666666666666666,0.4591479170272447,1.0
3e49f7688d6c5f317450187940c9efb020745444983aab31f42eec24665bd7d2,China,greetings,0.5416666666666666,1.0,0.8333333333333334,0.45833333333333337,0.75,0.25,0.16666666666666666,0.5833333333333333,0.08333333333333333,0.7083333333333334,0.43750000000000006,True,True,True,smol,3e49f7688d6c5f317450187940c9efb020745444983aab31f42eec24665bd7d2_SD35,0.3333333333333333,0.792481250360578,1.0
bc8132c33f87cc45855878e1305079903b4989fd85b8ac9a6a49de047d013518,China,family,0.6666666666666666,1.0,0.5,0.3333333333333333,0.6666666666666666,0.6666666666666666,0.0,0.5555555555555555,0.1111111111111111,0.8333333333333334,0.701388888888889,True,True,False,qwen,bc8132c33f87cc45855878e1305079903b4989fd85b8ac9a6a49de047d013518_gpt-image,1.0,-0.0,0.0
bc8132c33f87cc45855878e1305079903b4989fd85b8ac9a6a49de047d013518,China,family,0.6666666666666666,1.0,0.5,0.3333333333333333,0.6666666666666666,0.6666666666666666,0.0,0.5555555555555555,0.1111111111111111,0.8333333333333334,0.701388888888889,True,True,False,smol,bc8132c33f87cc45855878e1305079903b4989fd85b8ac9a6a49de047d013518_gpt-image,0.6666666666666666,0.5793801642856949,1.0
ed39afd4115a72896f4afe0331b68dd1ff3060ae9f5897770d304e821920fbab,China,dates-of-significance,0.8333333333333334,1.0,0.33333333333333337,0.16666666666666666,0.3333333333333333,0.3333333333333333,0.3333333333333333,0.3333333333333333,0.1111111111111111,0.7222222222222223,0.5277777777777778,True,True,False,qwen,ed39afd4115a72896f4afe0331b68dd1ff3060ae9f5897770d304e821920fbab_gpt-image,0.6666666666666666,0.5793801642856949,1.0
ed39afd4115a72896f4afe0331b68dd1ff3060ae9f5897770d304e821920fbab,China,dates-of-significance,0.8333333333333334,1.0,0.33333333333333337,0.16666666666666666,0.3333333333333333,0.3333333333333333,0.3333333333333333,0.3333333333333333,0.1111111111111111,0.7222222222222223,0.5277777777777778,True,True,False,smol,ed39afd4115a72896f4afe0331b68dd1ff3060ae9f5897770d304e821920fbab_flux,0.6666666666666666,0.5793801642856949,1.0
fe92f2a9f9e35fa0514fc4e43c61bec43676a97f93b0432dc34b4d92856d6895,China,etiquette,0.45833333333333326,0.6666666666666666,0.3333333333333333,0.20833333333333331,0.5,0.5,0.16666666666666666,0.41666666666666663,0.7499999999999999,0.5833333333333333,0.39583333333333326,True,True,True,qwen,fe92f2a9f9e35fa0514fc4e43c61bec43676a97f93b0432dc34b4d92856d6895_gpt-image,0.6666666666666666,0.4591479170272447,1.0
fe92f2a9f9e35fa0514fc4e43c61bec43676a97f93b0432dc34b4d92856d6895,China,etiquette,0.45833333333333326,0.6666666666666666,0.3333333333333333,0.20833333333333331,0.5,0.5,0.16666666666666666,0.41666666666666663,0.7499999999999999,0.5833333333333333,0.39583333333333326,True,True,True,smol,fe92f2a9f9e35fa0514fc4e43c61bec43676a97f93b0432dc34b4d92856d6895_flux,0.3333333333333333,0.792481250360578,1.0
d3daccc99a1bb1a78d40af9e79ac5c2254921d183b7258180798ff2d29b9c0fb,China,dates-of-significance,0.8333333333333334,1.0,0.33333333333333337,0.16666666666666666,0.3333333333333333,0.3333333333333333,0.1111111111111111,0.3333333333333333,0.2222222222222222,0.8888888888888888,0.6666666666666666,True,True,True,qwen,d3daccc99a1bb1a78d40af9e79ac5c2254921d183b7258180798ff2d29b9c0fb_SD35,0.3333333333333333,0.9999999999999998,1.0
d3daccc99a1bb1a78d40af9e79ac5c2254921d183b7258180798ff2d29b9c0fb,China,dates-of-significance,0.8333333333333334,1.0,0.33333333333333337,0.16666666666666666,0.3333333333333333,0.3333333333333333,0.1111111111111111,0.3333333333333333,0.2222222222222222,0.8888888888888888,0.6666666666666666,True,True,True,smol,d3daccc99a1bb1a78d40af9e79ac5c2254921d183b7258180798ff2d29b9c0fb_SD35,0.3333333333333333,0.9999999999999998,1.0
79e5716b830808e654b5575ad261c92a89e72bb1cea1d451528c81f0d35d0d94,China,greetings,0.6666666666666666,1.0,0.5,0.33333333333333337,0.5,0.5,0.16666666666666666,0.37499999999999994,0.37499999999999994,0.8333333333333334,0.625,True,True,True,qwen,79e5716b830808e654b5575ad261c92a89e72bb1cea1d451528c81f0d35d0d94_imagegen3,0.6666666666666666,0.4591479170272447,1.0
79e5716b830808e654b5575ad261c92a89e72bb1cea1d451528c81f0d35d0d94,China,greetings,0.6666666666666666,1.0,0.5,0.33333333333333337,0.5,0.5,0.16666666666666666,0.37499999999999994,0.37499999999999994,0.8333333333333334,0.625,True,True,True,smol,79e5716b830808e654b5575ad261c92a89e72bb1cea1d451528c81f0d35d0d94_flux,0.6666666666666666,0.4591479170272447,1.0
ae09526663d4d0224ac7cd92d52d42a6970d08e39e938cdd05acb4dfb5633a74,China,etiquette,0.8055555555555555,1.0,0.33333333333333337,0.19444444444444445,0.6666666666666666,0.6666666666666666,0.0,0.0,0.38888888888888884,0.8333333333333334,0.7777777777777777,False,True,False,qwen,ae09526663d4d0224ac7cd92d52d42a6970d08e39e938cdd05acb4dfb5633a74_gpt-image,0.6666666666666666,0.5793801642856949,1.0
ae09526663d4d0224ac7cd92d52d42a6970d08e39e938cdd05acb4dfb5633a74,China,etiquette,0.8055555555555555,1.0,0.33333333333333337,0.19444444444444445,0.6666666666666666,0.6666666666666666,0.0,0.0,0.38888888888888884,0.8333333333333334,0.7777777777777777,False,True,False,smol,ae09526663d4d0224ac7cd92d52d42a6970d08e39e938cdd05acb4dfb5633a74_SD35,0.3333333333333333,0.9999999999999998,1.0
257bb98ffec990b2b00b7fb790e66eff4b3dc652cf4f78383e34ba6112cd1eec,China,dates-of-significance,0.7777777777777778,1.0,0.5,0.2222222222222222,0.3333333333333333,0.3333333333333333,0.16666666666666666,0.1111111111111111,0.3333333333333333,0.5555555555555555,0.6111111111111112,True,True,True,qwen,257bb98ffec990b2b00b7fb790e66eff4b3dc652cf4f78383e34ba6112cd1eec_gpt-image,0.6666666666666666,0.5793801642856949,1.0
257bb98ffec990b2b00b7fb790e66eff4b3dc652cf4f78383e34ba6112cd1eec,China,dates-of-significance,0.7777777777777778,1.0,0.5,0.2222222222222222,0.3333333333333333,0.3333333333333333,0.16666666666666666,0.1111111111111111,0.3333333333333333,0.5555555555555555,0.6111111111111112,True,True,True,smol,257bb98ffec990b2b00b7fb790e66eff4b3dc652cf4f78383e34ba6112cd1eec_SD35,0.3333333333333333,0.9999999999999998,1.0
1f9a68feea245f3d3ad953df0f0e70e13ca0c97492e00128c9422cb8510cc9f7,China,etiquette,0.6666666666666666,1.0,0.5,0.33333333333333337,0.5,0.5,0.29166666666666663,0.5833333333333333,0.20833333333333331,0.9583333333333334,0.6145833333333333,True,True,True,qwen,1f9a68feea245f3d3ad953df0f0e70e13ca0c97492e00128c9422cb8510cc9f7_gpt-image,1.0,-0.0,0.0
1f9a68feea245f3d3ad953df0f0e70e13ca0c97492e00128c9422cb8510cc9f7,China,etiquette,0.6666666666666666,1.0,0.5,0.33333333333333337,0.5,0.5,0.29166666666666663,0.5833333333333333,0.20833333333333331,0.9583333333333334,0.6145833333333333,True,True,True,smol,1f9a68feea245f3d3ad953df0f0e70e13ca0c97492e00128c9422cb8510cc9f7_gpt-image,0.6666666666666666,0.4591479170272447,1.0
d17d439799650361bb1a81f0f1465ee7dc984596c74d9d1da2fc71ecfea868eb,China,etiquette,0.6666666666666667,0.8333333333333334,0.5,0.16666666666666669,0.25,0.25,0.0,0.4583333333333333,0.29166666666666663,0.7916666666666666,0.6145833333333333,True,True,False,qwen,d17d439799650361bb1a81f0f1465ee7dc984596c74d9d1da2fc71ecfea868eb_gpt-image,1.0,-0.0,0.0
d17d439799650361bb1a81f0f1465ee7dc984596c74d9d1da2fc71ecfea868eb,China,etiquette,0.6666666666666667,0.8333333333333334,0.5,0.16666666666666669,0.25,0.25,0.0,0.4583333333333333,0.29166666666666663,0.7916666666666666,0.6145833333333333,True,True,False,smol,d17d439799650361bb1a81f0f1465ee7dc984596c74d9d1da2fc71ecfea868eb_flux,0.3333333333333333,0.792481250360578,1.0
d795a49b97c3001cf8cc2113e729685eb2ff97ce63bb52ce86c22c6ccd8b322f,China,family,0.5416666666666666,0.75,0.5,0.20833333333333334,0.5,0.25,0.125,0.7083333333333334,0.08333333333333333,0.7916666666666666,0.5104166666666666,True,True,True,qwen,d795a49b97c3001cf8cc2113e729685eb2ff97ce63bb52ce86c22c6ccd8b322f_SD35,0.3333333333333333,0.792481250360578,1.0
d795a49b97c3001cf8cc2113e729685eb2ff97ce63bb52ce86c22c6ccd8b322f,China,family,0.5416666666666666,0.75,0.5,0.20833333333333334,0.5,0.25,0.125,0.7083333333333334,0.08333333333333333,0.7916666666666666,0.5104166666666666,True,True,True,smol,d795a49b97c3001cf8cc2113e729685eb2ff97ce63bb52ce86c22c6ccd8b322f_SD35,0.3333333333333333,0.792481250360578,1.0
4a63637920471ea636aac7b3cc3525ca6812648805aaf2b3a025fa8f17a2d3cb,China,etiquette,0.5833333333333333,1.0,0.8333333333333334,0.4166666666666667,0.5,0.5,0.08333333333333333,0.5833333333333333,0.20833333333333331,0.7916666666666667,0.5,True,True,True,qwen,4a63637920471ea636aac7b3cc3525ca6812648805aaf2b3a025fa8f17a2d3cb_gpt-image,0.6666666666666666,0.4591479170272447,1.0
4a63637920471ea636aac7b3cc3525ca6812648805aaf2b3a025fa8f17a2d3cb,China,etiquette,0.5833333333333333,1.0,0.8333333333333334,0.4166666666666667,0.5,0.5,0.08333333333333333,0.5833333333333333,0.20833333333333331,0.7916666666666667,0.5,True,True,True,smol,4a63637920471ea636aac7b3cc3525ca6812648805aaf2b3a025fa8f17a2d3cb_flux,0.6666666666666666,0.4591479170272447,1.0
c264c3c65909cda35f5064638f8b317dda34e5500aa5e7ff4e9005c39fe29970,China,religion,0.7083333333333333,1.0,0.8333333333333334,0.2916666666666667,0.5,0.25,0.0,0.3333333333333333,0.0,0.875,0.6458333333333334,True,False,False,qwen,c264c3c65909cda35f5064638f8b317dda34e5500aa5e7ff4e9005c39fe29970_SD35,0.3333333333333333,0.792481250360578,1.0
c264c3c65909cda35f5064638f8b317dda34e5500aa5e7ff4e9005c39fe29970,China,religion,0.7083333333333333,1.0,0.8333333333333334,0.2916666666666667,0.5,0.25,0.0,0.3333333333333333,0.0,0.875,0.6458333333333334,True,False,False,smol,c264c3c65909cda35f5064638f8b317dda34e5500aa5e7ff4e9005c39fe29970_SD35,0.3333333333333333,0.792481250360578,1.0
507f1437c1b4c1c3133cdd0577fc07612df582e043d48f00d0d5efaaf3a4b004,China,greetings,0.6666666666666666,0.75,0.25,0.08333333333333333,0.3333333333333333,0.3333333333333333,0.4444444444444444,0.38888888888888884,0.27777777777777773,0.8611111111111112,0.5416666666666666,True,True,True,qwen,507f1437c1b4c1c3133cdd0577fc07612df582e043d48f00d0d5efaaf3a4b004_SD35,0.3333333333333333,0.9999999999999998,1.0
507f1437c1b4c1c3133cdd0577fc07612df582e043d48f00d0d5efaaf3a4b004,China,greetings,0.6666666666666666,0.75,0.25,0.08333333333333333,0.3333333333333333,0.3333333333333333,0.4444444444444444,0.38888888888888884,0.27777777777777773,0.8611111111111112,0.5416666666666666,True,True,True,smol,507f1437c1b4c1c3133cdd0577fc07612df582e043d48f00d0d5efaaf3a4b004_SD35,0.3333333333333333,0.9999999999999998,1.0
18172183679032d37ed2e12da93cd7479529e08dd563b05a7b6ee785f4b02fef,China,dates-of-significance,0.7083333333333334,1.0,0.5,0.29166666666666663,0.5,0.5,0.375,0.16666666666666666,0.3333333333333333,0.4375,0.5416666666666666,True,True,True,qwen,18172183679032d37ed2e12da93cd7479529e08dd563b05a7b6ee785f4b02fef_SD35,0.3333333333333333,0.792481250360578,1.0
18172183679032d37ed2e12da93cd7479529e08dd563b05a7b6ee785f4b02fef,China,dates-of-significance,0.7083333333333334,1.0,0.5,0.29166666666666663,0.5,0.5,0.375,0.16666666666666666,0.3333333333333333,0.4375,0.5416666666666666,True,True,True,smol,18172183679032d37ed2e12da93cd7479529e08dd563b05a7b6ee785f4b02fef_flux,0.3333333333333333,0.792481250360578,1.0
169757949d9f1c6ec8683da934f69a03829df905bc4f91eff70cbef3499c711e,China,religion,0.5416666666666666,0.8333333333333334,0.5,0.2916666666666667,0.75,0.25,0.125,0.4583333333333333,0.5833333333333334,0.6041666666666666,0.44791666666666663,True,True,True,qwen,169757949d9f1c6ec8683da934f69a03829df905bc4f91eff70cbef3499c711e_gpt-image,0.6666666666666666,0.4591479170272447,1.0
169757949d9f1c6ec8683da934f69a03829df905bc4f91eff70cbef3499c711e,China,religion,0.5416666666666666,0.8333333333333334,0.5,0.2916666666666667,0.75,0.25,0.125,0.4583333333333333,0.5833333333333334,0.6041666666666666,0.44791666666666663,True,True,True,smol,169757949d9f1c6ec8683da934f69a03829df905bc4f91eff70cbef3499c711e_flux,0.6666666666666666,0.4591479170272447,1.0
cf1c06673bb7bd4b1a0092096bb7940de83b98f4e9c3cfe034e43a0f0660a344,China,dates-of-significance,0.6875,0.8333333333333334,0.33333333333333337,0.14583333333333337,0.5,0.25,0.16666666666666666,0.3333333333333333,0.375,0.7604166666666666,0.6354166666666667,True,True,True,qwen,cf1c06673bb7bd4b1a0092096bb7940de83b98f4e9c3cfe034e43a0f0660a344_gpt-image,1.0,-0.0,0.0
cf1c06673bb7bd4b1a0092096bb7940de83b98f4e9c3cfe034e43a0f0660a344,China,dates-of-significance,0.6875,0.8333333333333334,0.33333333333333337,0.14583333333333337,0.5,0.25,0.16666666666666666,0.3333333333333333,0.375,0.7604166666666666,0.6354166666666667,True,True,True,smol,cf1c06673bb7bd4b1a0092096bb7940de83b98f4e9c3cfe034e43a0f0660a344_flux,0.6666666666666666,0.4591479170272447,1.0
a8432b6d7f9386c103fae17dbe4dbe106c5908c22247e21fb327b92445effc35,China,dates-of-significance,0.8750000000000001,1.0,0.16666666666666663,0.12499999999999997,0.75,0.0,0.08333333333333333,0.08333333333333333,0.16666666666666666,0.75,0.7083333333333334,True,True,True,qwen,a8432b6d7f9386c103fae17dbe4dbe106c5908c22247e21fb327b92445effc35_SD35,0.3333333333333333,0.792481250360578,1.0
a8432b6d7f9386c103fae17dbe4dbe106c5908c22247e21fb327b92445effc35,China,dates-of-significance,0.8750000000000001,1.0,0.16666666666666663,0.12499999999999997,0.75,0.0,0.08333333333333333,0.08333333333333333,0.16666666666666666,0.75,0.7083333333333334,True,True,True,smol,a8432b6d7f9386c103fae17dbe4dbe106c5908c22247e21fb327b92445effc35_flux,0.6666666666666666,0.4591479170272447,1.0
cb5436a5c6edfa6f159bae3ca8402b00106584040735f1ae859a77234ee81133,China,greetings,0.75,0.8333333333333334,0.16666666666666674,0.08333333333333337,0.3333333333333333,0.3333333333333333,0.27777777777777773,0.2222222222222222,0.16666666666666666,0.5,0.5972222222222222,True,True,True,qwen,cb5436a5c6edfa6f159bae3ca8402b00106584040735f1ae859a77234ee81133_gpt-image,0.6666666666666666,0.5793801642856949,1.0
cb5436a5c6edfa6f159bae3ca8402b00106584040735f1ae859a77234ee81133,China,greetings,0.75,0.8333333333333334,0.16666666666666674,0.08333333333333337,0.3333333333333333,0.3333333333333333,0.27777777777777773,0.2222222222222222,0.16666666666666666,0.5,0.5972222222222222,True,True,True,smol,cb5436a5c6edfa6f159bae3ca8402b00106584040735f1ae859a77234ee81133_SD35,0.6666666666666666,0.5793801642856949,1.0
754fb5d1ba5c19a30b013d1aa81aa6c47249e5381fb595d3d067888c5916eb39,China,etiquette,0.7222222222222222,0.8333333333333334,0.16666666666666674,0.11111111111111116,0.6666666666666666,0.6666666666666666,0.2222222222222222,0.3333333333333333,0.2222222222222222,0.8333333333333334,0.6944444444444443,True,True,True,qwen,754fb5d1ba5c19a30b013d1aa81aa6c47249e5381fb595d3d067888c5916eb39_SD35,0.3333333333333333,0.9999999999999998,1.0
754fb5d1ba5c19a30b013d1aa81aa6c47249e5381fb595d3d067888c5916eb39,China,etiquette,0.7222222222222222,0.8333333333333334,0.16666666666666674,0.11111111111111116,0.6666666666666666,0.6666666666666666,0.2222222222222222,0.3333333333333333,0.2222222222222222,0.8333333333333334,0.6944444444444443,True,True,True,smol,754fb5d1ba5c19a30b013d1aa81aa6c47249e5381fb595d3d067888c5916eb39_SD35,0.3333333333333333,0.9999999999999998,1.0
e64fecc80eb3b091ace9610d0936eb5a6cebf6a1ec1f6ab04a50d256a3fa5d86,China,dates-of-significance,0.8888888888888888,1.0,0.33333333333333337,0.11111111111111112,0.3333333333333333,0.3333333333333333,0.1111111111111111,0.1111111111111111,0.2222222222222222,0.8055555555555557,0.6527777777777778,True,True,True,qwen,e64fecc80eb3b091ace9610d0936eb5a6cebf6a1ec1f6ab04a50d256a3fa5d86_SD35,0.3333333333333333,0.9999999999999998,1.0
e64fecc80eb3b091ace9610d0936eb5a6cebf6a1ec1f6ab04a50d256a3fa5d86,China,dates-of-significance,0.8888888888888888,1.0,0.33333333333333337,0.11111111111111112,0.3333333333333333,0.3333333333333333,0.1111111111111111,0.1111111111111111,0.2222222222222222,0.8055555555555557,0.6527777777777778,True,True,True,smol,e64fecc80eb3b091ace9610d0936eb5a6cebf6a1ec1f6ab04a50d256a3fa5d86_SD35,0.6666666666666666,0.5793801642856949,1.0
22f135514be5e99e9f583515316ce612ced04403cb886264bde3ae288ec2ca0a,China,etiquette,0.6111111111111112,0.8333333333333334,0.33333333333333337,0.22222222222222224,0.6666666666666666,0.6666666666666666,0.27777777777777773,0.49999999999999994,0.27777777777777773,0.6666666666666666,0.513888888888889,True,True,True,qwen,22f135514be5e99e9f583515316ce612ced04403cb886264bde3ae288ec2ca0a_gpt-image,0.6666666666666666,0.5793801642856949,1.0
22f135514be5e99e9f583515316ce612ced04403cb886264bde3ae288ec2ca0a,China,etiquette,0.6111111111111112,0.8333333333333334,0.33333333333333337,0.22222222222222224,0.6666666666666666,0.6666666666666666,0.27777777777777773,0.49999999999999994,0.27777777777777773,0.6666666666666666,0.513888888888889,True,True,True,smol,22f135514be5e99e9f583515316ce612ced04403cb886264bde3ae288ec2ca0a_gpt-image,0.6666666666666666,0.5793801642856949,1.0
615502522988d13e8a19d32224ef5346fa2bb44be8c63f6242ca38ced6e15eaf,China,family,0.6666666666666666,0.8333333333333334,0.33333333333333337,0.1666666666666667,0.3333333333333333,0.3333333333333333,0.38888888888888884,0.27777777777777773,0.27777777777777773,0.8055555555555555,0.5833333333333334,True,True,True,qwen,615502522988d13e8a19d32224ef5346fa2bb44be8c63f6242ca38ced6e15eaf_gpt-image,0.6666666666666666,0.5793801642856949,1.0
615502522988d13e8a19d32224ef5346fa2bb44be8c63f6242ca38ced6e15eaf,China,family,0.6666666666666666,0.8333333333333334,0.33333333333333337,0.1666666666666667,0.3333333333333333,0.3333333333333333,0.38888888888888884,0.27777777777777773,0.27777777777777773,0.8055555555555555,0.5833333333333334,True,True,True,smol,615502522988d13e8a19d32224ef5346fa2bb44be8c63f6242ca38ced6e15eaf_flux,0.3333333333333333,0.9999999999999998,1.0
dea460eddca847580278b5955bce8e366aaa2176773fef0cc3fabf8052cb22d9,China,religion,0.75,0.8333333333333334,0.16666666666666674,0.08333333333333337,0.25,0.25,0.08333333333333333,0.4375,0.0625,0.7708333333333334,0.703125,True,True,True,qwen,dea460eddca847580278b5955bce8e366aaa2176773fef0cc3fabf8052cb22d9_imagegen3,0.6666666666666666,0.4591479170272447,1.0
dea460eddca847580278b5955bce8e366aaa2176773fef0cc3fabf8052cb22d9,China,religion,0.75,0.8333333333333334,0.16666666666666674,0.08333333333333337,0.25,0.25,0.08333333333333333,0.4375,0.0625,0.7708333333333334,0.703125,True,True,True,smol,dea460eddca847580278b5955bce8e366aaa2176773fef0cc3fabf8052cb22d9_SD35,0.3333333333333333,0.792481250360578,1.0
1b08014bc321e79c39385d0025ae68acdb54550b30aaa28ebc917982d5f99308,Germany,etiquette,0.5,0.6666666666666666,0.3333333333333333,0.16666666666666666,0.3333333333333333,0.3333333333333333,0.1111111111111111,0.8888888888888888,0.1111111111111111,0.7777777777777778,0.5277777777777778,True,True,True,qwen,1b08014bc321e79c39385d0025ae68acdb54550b30aaa28ebc917982d5f99308_SD35,0.6666666666666666,0.5793801642856949,1.0
1b08014bc321e79c39385d0025ae68acdb54550b30aaa28ebc917982d5f99308,Germany,etiquette,0.5,0.6666666666666666,0.3333333333333333,0.16666666666666666,0.3333333333333333,0.3333333333333333,0.1111111111111111,0.8888888888888888,0.1111111111111111,0.7777777777777778,0.5277777777777778,True,True,True,smol,1b08014bc321e79c39385d0025ae68acdb54550b30aaa28ebc917982d5f99308_SD35,0.3333333333333333,0.9999999999999998,1.0
c47108852c694536bd306b6ad0d62c7002c86fa16225adc8308cd0a6845a37be,Germany,greetings,0.6666666666666666,0.6666666666666666,0.0,0.0,0.0,0.0,0.4444444444444444,0.4444444444444444,0.1111111111111111,0.5555555555555555,0.5555555555555555,True,True,True,qwen,c47108852c694536bd306b6ad0d62c7002c86fa16225adc8308cd0a6845a37be_imagegen3,1.0,-0.0,0.0
4e67d791a422e1b7ccaf31aaee7200a82afda2753e03d9bd3bffd52fcff31564,Germany,religion,0.75,1.0,0.5,0.25,0.5,0.5,0.08333333333333333,0.3125,0.0,0.7083333333333334,0.609375,True,False,True,qwen,4e67d791a422e1b7ccaf31aaee7200a82afda2753e03d9bd3bffd52fcff31564_imagegen3,0.6666666666666666,0.4591479170272447,1.0
4e67d791a422e1b7ccaf31aaee7200a82afda2753e03d9bd3bffd52fcff31564,Germany,religion,0.75,1.0,0.5,0.25,0.5,0.5,0.08333333333333333,0.3125,0.0,0.7083333333333334,0.609375,True,False,True,smol,4e67d791a422e1b7ccaf31aaee7200a82afda2753e03d9bd3bffd52fcff31564_SD35,0.3333333333333333,0.792481250360578,1.0
795a2241f632f587e1dfdaaf1d19f5eced9f0bd23574f4103d1e95d6c3eaa9db,Germany,etiquette,0.9583333333333334,1.0,0.16666666666666663,0.04166666666666666,0.25,0.25,0.0,0.0,0.08333333333333333,0.875,0.8333333333333334,False,True,False,qwen,795a2241f632f587e1dfdaaf1d19f5eced9f0bd23574f4103d1e95d6c3eaa9db_SD35,0.3333333333333333,0.792481250360578,1.0
795a2241f632f587e1dfdaaf1d19f5eced9f0bd23574f4103d1e95d6c3eaa9db,Germany,etiquette,0.9583333333333334,1.0,0.16666666666666663,0.04166666666666666,0.25,0.25,0.0,0.0,0.08333333333333333,0.875,0.8333333333333334,False,True,False,smol,795a2241f632f587e1dfdaaf1d19f5eced9f0bd23574f4103d1e95d6c3eaa9db_SD35,0.3333333333333333,0.792481250360578,1.0
32a2e43bff18f9b2cdf28aef6b066cdaf623558d23898354353fb10dcb46d65b,Germany,family,0.8888888888888888,1.0,0.33333333333333337,0.11111111111111112,0.3333333333333333,0.3333333333333333,0.1111111111111111,0.2222222222222222,0.0,0.7777777777777777,0.7777777777777778,True,False,True,qwen,32a2e43bff18f9b2cdf28aef6b066cdaf623558d23898354353fb10dcb46d65b_gpt-image,0.6666666666666666,0.5793801642856949,1.0
32a2e43bff18f9b2cdf28aef6b066cdaf623558d23898354353fb10dcb46d65b,Germany,family,0.8888888888888888,1.0,0.33333333333333337,0.11111111111111112,0.3333333333333333,0.3333333333333333,0.1111111111111111,0.2222222222222222,0.0,0.7777777777777777,0.7777777777777778,True,False,True,smol,32a2e43bff18f9b2cdf28aef6b066cdaf623558d23898354353fb10dcb46d65b_SD35,0.3333333333333333,0.9999999999999998,1.0
65136b46a00bf6dda29563a06fb1e3bb1f5ae41b8afaddf2f76e82d8b9a164e6,Germany,dates-of-significance,0.9444444444444445,1.0,0.16666666666666663,0.055555555555555546,0.3333333333333333,0.3333333333333333,0.0,0.1111111111111111,0.0,1.0,0.9166666666666666,True,False,False,qwen,65136b46a00bf6dda29563a06fb1e3bb1f5ae41b8afaddf2f76e82d8b9a164e6_gpt-image,1.0,-0.0,0.0
65136b46a00bf6dda29563a06fb1e3bb1f5ae41b8afaddf2f76e82d8b9a164e6,Germany,dates-of-significance,0.9444444444444445,1.0,0.16666666666666663,0.055555555555555546,0.3333333333333333,0.3333333333333333,0.0,0.1111111111111111,0.0,1.0,0.9166666666666666,True,False,False,smol,65136b46a00bf6dda29563a06fb1e3bb1f5ae41b8afaddf2f76e82d8b9a164e6_SD35,0.6666666666666666,0.5793801642856949,1.0
f82a87eeb0dfac4ddde477cb8c22b3eae882c6a58d649a0b0734297b05ebffbe,Germany,dates-of-significance,0.9583333333333334,1.0,0.16666666666666663,0.04166666666666666,0.25,0.25,0.16666666666666666,0.08333333333333333,0.0,0.875,0.875,True,False,True,qwen,f82a87eeb0dfac4ddde477cb8c22b3eae882c6a58d649a0b0734297b05ebffbe_gpt-image,1.0,-0.0,0.0
f82a87eeb0dfac4ddde477cb8c22b3eae882c6a58d649a0b0734297b05ebffbe,Germany,dates-of-significance,0.9583333333333334,1.0,0.16666666666666663,0.04166666666666666,0.25,0.25,0.16666666666666666,0.08333333333333333,0.0,0.875,0.875,True,False,True,smol,f82a87eeb0dfac4ddde477cb8c22b3eae882c6a58d649a0b0734297b05ebffbe_SD35,0.6666666666666666,0.4591479170272447,1.0
971a9bfd159b952e27343cfe3979710ec6116d3b1741cc2a29a5d68079d5f255,Germany,etiquette,0.8333333333333334,1.0,0.33333333333333337,0.16666666666666666,0.25,0.25,0.25,0.3333333333333333,0.0,0.9166666666666667,0.7291666666666666,True,False,True,qwen,971a9bfd159b952e27343cfe3979710ec6116d3b1741cc2a29a5d68079d5f255_flux,0.6666666666666666,0.4591479170272447,1.0
17281749b59044f0dc95c1282f1c2aa402f80014c1984e5acf08a6a8ce646a71,Germany,dates-of-significance,0.8333333333333334,1.0,0.33333333333333337,0.16666666666666666,0.3333333333333333,0.3333333333333333,0.0,0.3333333333333333,0.0,0.7222222222222223,0.6944444444444445,True,False,False,qwen,17281749b59044f0dc95c1282f1c2aa402f80014c1984e5acf08a6a8ce646a71_gpt-image,0.6666666666666666,0.5793801642856949,1.0
423d19edbb32fb70e78445aeee8ed6931ec6b629feb420d2c737de157b0c140f,Germany,dates-of-significance,1.0,1.0,0.0,0.0,0.0,0.0,0.0,0.0,0.0,0.8333333333333334,0.8333333333333334,False,False,False,qwen,423d19edbb32fb70e78445aeee8ed6931ec6b629feb420d2c737de157b0c140f_gpt-image,1.0,-0.0,0.0
423d19edbb32fb70e78445aeee8ed6931ec6b629feb420d2c737de157b0c140f,Germany,dates-of-significance,1.0,1.0,0.0,0.0,0.0,0.0,0.0,0.0,0.0,0.8333333333333334,0.8333333333333334,False,False,False,smol,423d19edbb32fb70e78445aeee8ed6931ec6b629feb420d2c737de157b0c140f_SD35,0.3333333333333333,0.9999999999999998,1.0
212bca52b5f50946e567cf6d77c80fdfe917a04b076bbb864f0b615affdb8517,Germany,dates-of-significance,0.7777777777777777,1.0,0.33333333333333337,0.22222222222222224,0.6666666666666666,0.6666666666666666,0.0,0.0,0.4444444444444444,0.7222222222222222,0.6944444444444445,False,True,False,qwen,212bca52b5f50946e567cf6d77c80fdfe917a04b076bbb864f0b615affdb8517_gpt-image,1.0,-0.0,0.0
0965cc5fb751cf8fca103668c99f027a14cb33129492eb46aae58204a5aed263,Germany,family,0.6666666666666666,1.0,0.5,0.33333333333333337,0.5,0.5,0.16666666666666666,0.3333333333333333,0.25,0.75,0.625,True,True,True,qwen,0965cc5fb751cf8fca103668c99f027a14cb33129492eb46aae58204a5aed263_gpt-image,1.0,-0.0,0.0
0965cc5fb751cf8fca103668c99f027a14cb33129492eb46aae58204a5aed263,Germany,family,0.6666666666666666,1.0,0.5,0.33333333333333337,0.5,0.5,0.16666666666666666,0.3333333333333333,0.25,0.75,0.625,True,True,True,smol,0965cc5fb751cf8fca103668c99f027a14cb33129492eb46aae58204a5aed263_SD35,0.3333333333333333,0.792481250360578,1.0
9d8a736f727e17283d99942fae56037c3f8c65f19a0eab9f29b186cac2cafc29,Germany,family,0.875,1.0,0.33333333333333337,0.125,0.5,0.25,0.08333333333333333,0.25,0.0,0.9166666666666667,0.7708333333333334,True,False,True,qwen,9d8a736f727e17283d99942fae56037c3f8c65f19a0eab9f29b186cac2cafc29_imagegen3,0.6666666666666666,0.4591479170272447,1.0
9d8a736f727e17283d99942fae56037c3f8c65f19a0eab9f29b186cac2cafc29,Germany,family,0.875,1.0,0.33333333333333337,0.125,0.5,0.25,0.08333333333333333,0.25,0.0,0.9166666666666667,0.7708333333333334,True,False,True,smol,9d8a736f727e17283d99942fae56037c3f8c65f19a0eab9f29b186cac2cafc29_SD35,0.3333333333333333,0.792481250360578,1.0
ae740b024791ec09f5e5b89aa0b1901bbc84e5f15e03911f7c96a5bb66ba9611,Germany,dates-of-significance,0.7777777777777778,0.8333333333333334,0.16666666666666674,0.05555555555555558,0.3333333333333333,0.3333333333333333,0.5555555555555555,0.3333333333333333,0.2222222222222222,0.611111111111111,0.4444444444444445,False,True,True,qwen,ae740b024791ec09f5e5b89aa0b1901bbc84e5f15e03911f7c96a5bb66ba9611_SD35,0.6666666666666666,0.5793801642856949,1.0
ae740b024791ec09f5e5b89aa0b1901bbc84e5f15e03911f7c96a5bb66ba9611,Germany,dates-of-significance,0.7777777777777778,0.8333333333333334,0.16666666666666674,0.05555555555555558,0.3333333333333333,0.3333333333333333,0.5555555555555555,0.3333333333333333,0.2222222222222222,0.611111111111111,0.4444444444444445,False,True,True,smol,ae740b024791ec09f5e5b89aa0b1901bbc84e5f15e03911f7c96a5bb66ba9611_SD35,0.6666666666666666,0.5793801642856949,1.0
c505bfae922ecc5733cbea5da2351b260a2804bf0810ece475f085e35d00aee2,Germany,dates-of-significance,0.7777777777777778,1.0,0.5,0.2222222222222222,0.3333333333333333,0.3333333333333333,0.0,0.3333333333333333,0.0,0.7777777777777778,0.6666666666666666,True,False,False,qwen,c505bfae922ecc5733cbea5da2351b260a2804bf0810ece475f085e35d00aee2_gpt-image,0.6666666666666666,0.5793801642856949,1.0
c505bfae922ecc5733cbea5da2351b260a2804bf0810ece475f085e35d00aee2,Germany,dates-of-significance,0.7777777777777778,1.0,0.5,0.2222222222222222,0.3333333333333333,0.3333333333333333,0.0,0.3333333333333333,0.0,0.7777777777777778,0.6666666666666666,True,False,False,smol,c505bfae922ecc5733cbea5da2351b260a2804bf0810ece475f085e35d00aee2_SD35,0.6666666666666666,0.5793801642856949,1.0
8bc9e8e49d323ab311dbd04849de5ad246cf4f0e409fcd3a1dac4f12cde34f6a,Germany,religion,0.75,1.0,0.6666666666666667,0.25,0.25,0.25,0.0,0.3333333333333333,0.25,0.9583333333333334,0.6770833333333334,True,True,False,qwen,8bc9e8e49d323ab311dbd04849de5ad246cf4f0e409fcd3a1dac4f12cde34f6a_SD35,0.3333333333333333,0.792481250360578,1.0
8bc9e8e49d323ab311dbd04849de5ad246cf4f0e409fcd3a1dac4f12cde34f6a,Germany,religion,0.75,1.0,0.6666666666666667,0.25,0.25,0.25,0.0,0.3333333333333333,0.25,0.9583333333333334,0.6770833333333334,True,True,False,smol,8bc9e8e49d323ab311dbd04849de5ad246cf4f0e409fcd3a1dac4f12cde34f6a_flux,0.3333333333333333,0.792481250360578,1.0
f8287e9f2dc1cca697580c6867b96c61240383ade079632a5057c6aa4bad9d3f,Germany,dates-of-significance,0.8125,1.0,0.33333333333333337,0.1875,0.5,0.5,0.0,0.22916666666666666,0.22916666666666666,0.75,0.765625,True,True,False,qwen,f8287e9f2dc1cca697580c6867b96c61240383ade079632a5057c6aa4bad9d3f_gpt-image,1.0,-0.0,0.0
f8287e9f2dc1cca697580c6867b96c61240383ade079632a5057c6aa4bad9d3f,Germany,dates-of-significance,0.8125,1.0,0.33333333333333337,0.1875,0.5,0.5,0.0,0.22916666666666666,0.22916666666666666,0.75,0.765625,True,True,False,smol,f8287e9f2dc1cca697580c6867b96c61240383ade079632a5057c6aa4bad9d3f_gpt-image,0.6666666666666666,0.4591479170272447,1.0
e77dfdf47ded9b433931c601b179f3d163d37bcbc2c7a48ed2909a640af34c48,Germany,dates-of-significance,0.7777777777777778,1.0,0.5,0.2222222222222222,0.3333333333333333,0.3333333333333333,0.1111111111111111,0.3333333333333333,0.1111111111111111,0.7222222222222223,0.6666666666666666,True,True,True,qwen,e77dfdf47ded9b433931c601b179f3d163d37bcbc2c7a48ed2909a640af34c48_gpt-image,1.0,-0.0,0.0
e77dfdf47ded9b433931c601b179f3d163d37bcbc2c7a48ed2909a640af34c48,Germany,dates-of-significance,0.7777777777777778,1.0,0.5,0.2222222222222222,0.3333333333333333,0.3333333333333333,0.1111111111111111,0.3333333333333333,0.1111111111111111,0.7222222222222223,0.6666666666666666,True,True,True,smol,e77dfdf47ded9b433931c601b179f3d163d37bcbc2c7a48ed2909a640af34c48_flux,0.6666666666666666,0.5793801642856949,1.0
0aabb873cabb041b160c9576fffc5581de4300afcaf1293686c1efad98a387e0,Germany,dates-of-significance,0.8333333333333334,1.0,0.33333333333333337,0.16666666666666666,0.25,0.25,0.0,0.3333333333333333,0.08333333333333333,0.7916666666666666,0.5833333333333333,True,True,False,qwen,0aabb873cabb041b160c9576fffc5581de4300afcaf1293686c1efad98a387e0_gpt-image,0.6666666666666666,0.4591479170272447,1.0
0aabb873cabb041b160c9576fffc5581de4300afcaf1293686c1efad98a387e0,Germany,dates-of-significance,0.8333333333333334,1.0,0.33333333333333337,0.16666666666666666,0.25,0.25,0.0,0.3333333333333333,0.08333333333333333,0.7916666666666666,0.5833333333333333,True,True,False,smol,0aabb873cabb041b160c9576fffc5581de4300afcaf1293686c1efad98a387e0_gpt-image,0.6666666666666666,0.4591479170272447,1.0
f4c7e2f27ddb38a932bcc21fb61175bb59576d58f2b6220921a312089643b10d,Germany,etiquette,0.7916666666666666,1.0,0.6666666666666667,0.20833333333333334,0.25,0.25,0.25,0.25,0.16666666666666666,0.8333333333333333,0.7291666666666666,True,True,True,qwen,f4c7e2f27ddb38a932bcc21fb61175bb59576d58f2b6220921a312089643b10d_gpt-image,1.0,-0.0,0.0
f4c7e2f27ddb38a932bcc21fb61175bb59576d58f2b6220921a312089643b10d,Germany,etiquette,0.7916666666666666,1.0,0.6666666666666667,0.20833333333333334,0.25,0.25,0.25,0.25,0.16666666666666666,0.8333333333333333,0.7291666666666666,True,True,True,smol,f4c7e2f27ddb38a932bcc21fb61175bb59576d58f2b6220921a312089643b10d_flux,0.3333333333333333,0.792481250360578,1.0
62bb23f1790ed922c317363612f4a2ba0765db21dd0e72e730281e3805bd5aa5,Germany,greetings,0.8750000000000001,1.0,0.16666666666666663,0.12499999999999997,0.75,0.0,0.3333333333333333,0.08333333333333333,0.16666666666666666,0.7916666666666666,0.6875,True,True,True,qwen,62bb23f1790ed922c317363612f4a2ba0765db21dd0e72e730281e3805bd5aa5_gpt-image,0.6666666666666666,0.4591479170272447,1.0
62bb23f1790ed922c317363612f4a2ba0765db21dd0e72e730281e3805bd5aa5,Germany,greetings,0.8750000000000001,1.0,0.16666666666666663,0.12499999999999997,0.75,0.0,0.3333333333333333,0.08333333333333333,0.16666666666666666,0.7916666666666666,0.6875,True,True,True,smol,62bb23f1790ed922c317363612f4a2ba0765db21dd0e72e730281e3805bd5aa5_SD35,0.3333333333333333,0.792481250360578,1.0
518b27d8e49f6b0826b9094199970e812676f66e30b7e978b90733c0e70098fd,Germany,family,0.6944444444444443,0.75,0.08333333333333337,0.05555555555555558,0.6666666666666666,0.0,0.0,0.5,0.1111111111111111,0.6666666666666666,0.6944444444444445,True,True,False,qwen,518b27d8e49f6b0826b9094199970e812676f66e30b7e978b90733c0e70098fd_SD35,0.3333333333333333,0.9999999999999998,1.0
518b27d8e49f6b0826b9094199970e812676f66e30b7e978b90733c0e70098fd,Germany,family,0.6944444444444443,0.75,0.08333333333333337,0.05555555555555558,0.6666666666666666,0.0,0.0,0.5,0.1111111111111111,0.6666666666666666,0.6944444444444445,True,True,False,smol,518b27d8e49f6b0826b9094199970e812676f66e30b7e978b90733c0e70098fd_SD35,0.3333333333333333,0.9999999999999998,1.0
c83a626ca7539c695cd6d7fa45ee053af1581bd5b6a9f0a857caeaa69cea093b,Germany,dates-of-significance,0.8541666666666667,1.0,0.25,0.14583333333333331,0.75,0.25,0.0,0.29166666666666663,0.16666666666666666,0.6875,0.5625,True,True,False,qwen,c83a626ca7539c695cd6d7fa45ee053af1581bd5b6a9f0a857caeaa69cea093b_gpt-image,1.0,-0.0,0.0
c83a626ca7539c695cd6d7fa45ee053af1581bd5b6a9f0a857caeaa69cea093b,Germany,dates-of-significance,0.8541666666666667,1.0,0.25,0.14583333333333331,0.75,0.25,0.0,0.29166666666666663,0.16666666666666666,0.6875,0.5625,True,True,False,smol,c83a626ca7539c695cd6d7fa45ee053af1581bd5b6a9f0a857caeaa69cea093b_SD35,0.3333333333333333,0.792481250360578,1.0
6f9dcd200e0ea03f6635582b68b4a605cdf762fe49bb31300074c4cb58537469,Germany,dates-of-significance,0.9166666666666667,1.0,0.16666666666666663,0.08333333333333331,0.5,0.5,0.0,0.16666666666666666,0.0,0.6666666666666666,0.75,True,False,False,qwen,6f9dcd200e0ea03f6635582b68b4a605cdf762fe49bb31300074c4cb58537469_SD35,0.3333333333333333,0.792481250360578,1.0
6f9dcd200e0ea03f6635582b68b4a605cdf762fe49bb31300074c4cb58537469,Germany,dates-of-significance,0.9166666666666667,1.0,0.16666666666666663,0.08333333333333331,0.5,0.5,0.0,0.16666666666666666,0.0,0.6666666666666666,0.75,True,False,False,smol,6f9dcd200e0ea03f6635582b68b4a605cdf762fe49bb31300074c4cb58537469_flux,0.3333333333333333,0.792481250360578,1.0
5c8d6b7c06f8e94a4e160aa78833b0004b8fcf0dc400eaae0c36ece43ac8742d,Germany,dates-of-significance,0.6111111111111112,0.8333333333333334,0.5,0.22222222222222224,0.3333333333333333,0.3333333333333333,0.1111111111111111,0.3333333333333333,0.3333333333333333,0.888888888888889,0.5833333333333334,True,False,True,qwen,5c8d6b7c06f8e94a4e160aa78833b0004b8fcf0dc400eaae0c36ece43ac8742d_SD35,0.3333333333333333,0.9999999999999998,1.0
5c8d6b7c06f8e94a4e160aa78833b0004b8fcf0dc400eaae0c36ece43ac8742d,Germany,dates-of-significance,0.6111111111111112,0.8333333333333334,0.5,0.22222222222222224,0.3333333333333333,0.3333333333333333,0.1111111111111111,0.3333333333333333,0.3333333333333333,0.888888888888889,0.5833333333333334,True,False,True,smol,5c8d6b7c06f8e94a4e160aa78833b0004b8fcf0dc400eaae0c36ece43ac8742d_flux,0.6666666666666666,0.5793801642856949,1.0
e2bf8d4ee29cbb78bccc5a6059007f700bd03c12d6a60f1e2e720adfdda935a4,Germany,dates-of-significance,0.9583333333333334,1.0,0.16666666666666663,0.04166666666666666,0.25,0.25,0.0,0.08333333333333333,0.0,0.75,0.8541666666666666,True,False,False,qwen,e2bf8d4ee29cbb78bccc5a6059007f700bd03c12d6a60f1e2e720adfdda935a4_flux,0.3333333333333333,0.792481250360578,1.0
e2bf8d4ee29cbb78bccc5a6059007f700bd03c12d6a60f1e2e720adfdda935a4,Germany,dates-of-significance,0.9583333333333334,1.0,0.16666666666666663,0.04166666666666666,0.25,0.25,0.0,0.08333333333333333,0.0,0.75,0.8541666666666666,True,False,False,smol,e2bf8d4ee29cbb78bccc5a6059007f700bd03c12d6a60f1e2e720adfdda935a4_gpt-image,0.6666666666666666,0.4591479170272447,1.0
f1c2d9dbdd1c925a6654135632c346c10eba5ed5e811eea99c09ce19912a9422,Germany,greetings,0.5416666666666666,0.8333333333333334,0.5,0.2916666666666667,0.75,0.25,0.08333333333333333,0.6666666666666666,0.16666666666666666,0.7499999999999999,0.5,True,True,True,qwen,f1c2d9dbdd1c925a6654135632c346c10eba5ed5e811eea99c09ce19912a9422_gpt-image,1.0,-0.0,0.0
bb9afbab95806cd959c08245e20f298a8d918e4219f19e333da2f8e9781700d2,Germany,dates-of-significance,0.45833333333333337,0.8333333333333334,0.6666666666666667,0.37500000000000006,0.5,0.5,0.16666666666666666,0.5833333333333333,0.25,0.875,0.4375,True,True,True,qwen,bb9afbab95806cd959c08245e20f298a8d918e4219f19e333da2f8e9781700d2_gpt-image,1.0,-0.0,0.0
bb9afbab95806cd959c08245e20f298a8d918e4219f19e333da2f8e9781700d2,Germany,dates-of-significance,0.45833333333333337,0.8333333333333334,0.6666666666666667,0.37500000000000006,0.5,0.5,0.16666666666666666,0.5833333333333333,0.25,0.875,0.4375,True,True,True,smol,bb9afbab95806cd959c08245e20f298a8d918e4219f19e333da2f8e9781700d2_SD35,0.3333333333333333,0.792481250360578,1.0
a81789dc34fb4997dd8d5cfdabc98f0334b6364136220f72e54b22c32ab5b37e,Germany,dates-of-significance,0.75,1.0,0.5,0.25,0.5,0.5,0.0,0.16666666666666666,0.25,0.6666666666666666,0.6041666666666666,True,True,False,qwen,a81789dc34fb4997dd8d5cfdabc98f0334b6364136220f72e54b22c32ab5b37e_SD35,0.3333333333333333,0.792481250360578,1.0
a81789dc34fb4997dd8d5cfdabc98f0334b6364136220f72e54b22c32ab5b37e,Germany,dates-of-significance,0.75,1.0,0.5,0.25,0.5,0.5,0.0,0.16666666666666666,0.25,0.6666666666666666,0.6041666666666666,True,True,False,smol,a81789dc34fb4997dd8d5cfdabc98f0334b6364136220f72e54b22c32ab5b37e_SD35,0.3333333333333333,0.792481250360578,1.0
a3917792ecf674370af92251921c747ca350166e1138649a4a2a6f2cfdbe9574,Germany,dates-of-significance,0.8333333333333334,1.0,0.5,0.16666666666666666,0.3333333333333333,0.3333333333333333,0.0,0.2222222222222222,0.2222222222222222,0.9444444444444445,0.7222222222222222,True,True,False,qwen,a3917792ecf674370af92251921c747ca350166e1138649a4a2a6f2cfdbe9574_gpt-image,1.0,-0.0,0.0
a3917792ecf674370af92251921c747ca350166e1138649a4a2a6f2cfdbe9574,Germany,dates-of-significance,0.8333333333333334,1.0,0.5,0.16666666666666666,0.3333333333333333,0.3333333333333333,0.0,0.2222222222222222,0.2222222222222222,0.9444444444444445,0.7222222222222222,True,True,False,smol,a3917792ecf674370af92251921c747ca350166e1138649a4a2a6f2cfdbe9574_SD35,0.3333333333333333,0.9999999999999998,1.0
bbebf68e0b5c71d9a27e2c5de4359649f73d785d877551d325a0dde113b4110f,India,family,0.625,0.6666666666666666,0.16666666666666663,0.04166666666666666,0.25,0.25,0.16666666666666666,0.41666666666666663,0.3333333333333333,0.7499999999999999,0.625,True,True,True,qwen,bbebf68e0b5c71d9a27e2c5de4359649f73d785d877551d325a0dde113b4110f_gpt-image,1.0,-0.0,0.0
bbebf68e0b5c71d9a27e2c5de4359649f73d785d877551d325a0dde113b4110f,India,family,0.625,0.6666666666666666,0.16666666666666663,0.04166666666666666,0.25,0.25,0.16666666666666666,0.41666666666666663,0.3333333333333333,0.7499999999999999,0.625,True,True,True,smol,bbebf68e0b5c71d9a27e2c5de4359649f73d785d877551d325a0dde113b4110f_SD35,0.3333333333333333,0.792481250360578,1.0
3ddb1f285edd9b2d5428c05ddc9c279885b119e835ecd6f0d595dd9b713a0ac0,India,etiquette,0.7708333333333334,1.0,0.5,0.22916666666666666,0.5,0.25,0.125,0.3333333333333333,0.125,0.75,0.6875,True,True,True,qwen,3ddb1f285edd9b2d5428c05ddc9c279885b119e835ecd6f0d595dd9b713a0ac0_gpt-image,0.6666666666666666,0.4591479170272447,1.0
3ddb1f285edd9b2d5428c05ddc9c279885b119e835ecd6f0d595dd9b713a0ac0,India,etiquette,0.7708333333333334,1.0,0.5,0.22916666666666666,0.5,0.25,0.125,0.3333333333333333,0.125,0.75,0.6875,True,True,True,smol,3ddb1f285edd9b2d5428c05ddc9c279885b119e835ecd6f0d595dd9b713a0ac0_gpt-image,0.6666666666666666,0.4591479170272447,1.0
087b63758408af79b8fbbe500999647202e36c949c8afd79274d5aeabf2b9cfc,India,dates-of-significance,0.9166666666666666,1.0,0.33333333333333337,0.08333333333333334,0.25,0.25,0.16666666666666666,0.16666666666666666,0.0,0.7500000000000001,0.7291666666666666,True,False,True,qwen,087b63758408af79b8fbbe500999647202e36c949c8afd79274d5aeabf2b9cfc_gpt-image,0.6666666666666666,0.4591479170272447,1.0
087b63758408af79b8fbbe500999647202e36c949c8afd79274d5aeabf2b9cfc,India,dates-of-significance,0.9166666666666666,1.0,0.33333333333333337,0.08333333333333334,0.25,0.25,0.16666666666666666,0.16666666666666666,0.0,0.7500000000000001,0.7291666666666666,True,False,True,smol,087b63758408af79b8fbbe500999647202e36c949c8afd79274d5aeabf2b9cfc_gpt-image,0.6666666666666666,0.4591479170272447,1.0
4c7004dbbaf8dc7db68cfde6c504ff76796aace53abd11a854f550e1cf35564f,India,etiquette,0.5833333333333333,1.0,1.0,0.4166666666666667,0.5,0.5,0.0,0.5,0.3333333333333333,0.5625,0.5104166666666667,True,True,False,qwen,4c7004dbbaf8dc7db68cfde6c504ff76796aace53abd11a854f550e1cf35564f_gpt-image,1.0,-0.0,0.0
4c7004dbbaf8dc7db68cfde6c504ff76796aace53abd11a854f550e1cf35564f,India,etiquette,0.5833333333333333,1.0,1.0,0.4166666666666667,0.5,0.5,0.0,0.5,0.3333333333333333,0.5625,0.5104166666666667,True,True,False,smol,4c7004dbbaf8dc7db68cfde6c504ff76796aace53abd11a854f550e1cf35564f_SD35,0.3333333333333333,0.792481250360578,1.0
1899235d7a2c71cb03b92c95ffa6a7b82ffbba45e4beb6808d9b403c9dab4337,India,dates-of-significance,0.6666666666666666,0.8333333333333334,0.33333333333333337,0.1666666666666667,0.25,0.25,0.0,0.41666666666666663,0.25,0.7916666666666666,0.7291666666666667,True,True,False,qwen,1899235d7a2c71cb03b92c95ffa6a7b82ffbba45e4beb6808d9b403c9dab4337_SD35,0.3333333333333333,0.792481250360578,1.0
1899235d7a2c71cb03b92c95ffa6a7b82ffbba45e4beb6808d9b403c9dab4337,India,dates-of-significance,0.6666666666666666,0.8333333333333334,0.33333333333333337,0.1666666666666667,0.25,0.25,0.0,0.41666666666666663,0.25,0.7916666666666666,0.7291666666666667,True,True,False,smol,1899235d7a2c71cb03b92c95ffa6a7b82ffbba45e4beb6808d9b403c9dab4337_SD35,0.3333333333333333,0.792481250360578,1.0
e02685e4f9ba4aa21a4130c1f1980f8303fcfc18c7073c304cfafdf2b7e755d1,India,etiquette,0.8229166666666666,1.0,0.375,0.17708333333333334,0.5,0.5,0.16666666666666666,0.20833333333333331,0.22916666666666666,0.7604166666666666,0.6770833333333334,True,True,True,qwen,e02685e4f9ba4aa21a4130c1f1980f8303fcfc18c7073c304cfafdf2b7e755d1_gpt-image,0.6666666666666666,0.4591479170272447,1.0
e02685e4f9ba4aa21a4130c1f1980f8303fcfc18c7073c304cfafdf2b7e755d1,India,etiquette,0.8229166666666666,1.0,0.375,0.17708333333333334,0.5,0.5,0.16666666666666666,0.20833333333333331,0.22916666666666666,0.7604166666666666,0.6770833333333334,True,True,True,smol,e02685e4f9ba4aa21a4130c1f1980f8303fcfc18c7073c304cfafdf2b7e755d1_gpt-image,0.6666666666666666,0.4591479170272447,1.0
17fe940da27e8f35cd3830a7979fb984592065e8c5ae0150c98715f0a415ad6d,India,dates-of-significance,0.888888888888889,1.0,0.16666666666666663,0.11111111111111109,0.6666666666666666,0.6666666666666666,0.0,0.2222222222222222,0.1111111111111111,0.6111111111111112,0.6666666666666666,True,True,False,qwen,17fe940da27e8f35cd3830a7979fb984592065e8c5ae0150c98715f0a415ad6d_SD35,0.3333333333333333,0.9999999999999998,1.0
17fe940da27e8f35cd3830a7979fb984592065e8c5ae0150c98715f0a415ad6d,India,dates-of-significance,0.888888888888889,1.0,0.16666666666666663,0.11111111111111109,0.6666666666666666,0.6666666666666666,0.0,0.2222222222222222,0.1111111111111111,0.6111111111111112,0.6666666666666666,True,True,False,smol,17fe940da27e8f35cd3830a7979fb984592065e8c5ae0150c98715f0a415ad6d_SD35,0.3333333333333333,0.9999999999999998,1.0
a070886db591c5d5c4e86eff77bcd2fad6167c3efe34fcb179ea83417452547f,India,etiquette,0.8472222222222223,0.875,0.04166666666666663,0.027777777777777752,0.6666666666666666,0.0,0.0,0.1111111111111111,0.19444444444444442,0.7777777777777778,0.8125,True,True,False,qwen,a070886db591c5d5c4e86eff77bcd2fad6167c3efe34fcb179ea83417452547f_gpt-image,1.0,-0.0,0.0
a070886db591c5d5c4e86eff77bcd2fad6167c3efe34fcb179ea83417452547f,India,etiquette,0.8472222222222223,0.875,0.04166666666666663,0.027777777777777752,0.6666666666666666,0.0,0.0,0.1111111111111111,0.19444444444444442,0.7777777777777778,0.8125,True,True,False,smol,a070886db591c5d5c4e86eff77bcd2fad6167c3efe34fcb179ea83417452547f_gpt-image,0.6666666666666666,0.5793801642856949,1.0
d0dea3e98665e4af104a365ffab46c8bdf3e31093a13557bd6cd63287c5193a9,India,dates-of-significance,0.7500000000000001,0.8333333333333334,0.33333333333333337,0.08333333333333334,0.25,0.25,0.0,0.41666666666666663,0.08333333333333333,0.6666666666666667,0.6041666666666666,True,True,False,qwen,d0dea3e98665e4af104a365ffab46c8bdf3e31093a13557bd6cd63287c5193a9_gpt-image,0.6666666666666666,0.4591479170272447,1.0
d0dea3e98665e4af104a365ffab46c8bdf3e31093a13557bd6cd63287c5193a9,India,dates-of-significance,0.7500000000000001,0.8333333333333334,0.33333333333333337,0.08333333333333334,0.25,0.25,0.0,0.41666666666666663,0.08333333333333333,0.6666666666666667,0.6041666666666666,True,True,False,smol,d0dea3e98665e4af104a365ffab46c8bdf3e31093a13557bd6cd63287c5193a9_flux,0.3333333333333333,0.792481250360578,1.0
3cdd05ad96087dd0343a624a23f09ca9afdf7de193347f12f7535ce5df9e3f81,India,dates-of-significance,0.8611111111111112,1.0,0.25,0.13888888888888887,0.6666666666666666,0.3333333333333333,0.1111111111111111,0.1111111111111111,0.16666666666666666,0.8611111111111112,0.75,True,True,True,qwen,3cdd05ad96087dd0343a624a23f09ca9afdf7de193347f12f7535ce5df9e3f81_gpt-image,1.0,-0.0,0.0
3cdd05ad96087dd0343a624a23f09ca9afdf7de193347f12f7535ce5df9e3f81,India,dates-of-significance,0.8611111111111112,1.0,0.25,0.13888888888888887,0.6666666666666666,0.3333333333333333,0.1111111111111111,0.1111111111111111,0.16666666666666666,0.8611111111111112,0.75,True,True,True,smol,3cdd05ad96087dd0343a624a23f09ca9afdf7de193347f12f7535ce5df9e3f81_flux,0.6666666666666666,0.5793801642856949,1.0
9bb1266cac67efd9a9c676917112d91ecc3e2537dbc163938eccbeeb96affac5,India,greetings,0.53125,0.625,0.125,0.09375,0.75,0.0,0.22916666666666666,0.7708333333333333,0.16666666666666666,0.78125,0.65625,True,True,True,qwen,9bb1266cac67efd9a9c676917112d91ecc3e2537dbc163938eccbeeb96affac5_gpt-image,0.6666666666666666,0.4591479170272447,1.0
9bb1266cac67efd9a9c676917112d91ecc3e2537dbc163938eccbeeb96affac5,India,greetings,0.53125,0.625,0.125,0.09375,0.75,0.0,0.22916666666666666,0.7708333333333333,0.16666666666666666,0.78125,0.65625,True,True,True,smol,9bb1266cac67efd9a9c676917112d91ecc3e2537dbc163938eccbeeb96affac5_flux,0.6666666666666666,0.4591479170272447,1.0
6d228ded0bcd82eed10f33246a95d2904c14f46961e4f4514ffbe3974a92cf4e,India,dates-of-significance,0.9444444444444445,1.0,0.16666666666666663,0.055555555555555546,0.3333333333333333,0.3333333333333333,0.1111111111111111,0.0,0.1111111111111111,0.6666666666666666,0.6666666666666666,False,True,True,qwen,6d228ded0bcd82eed10f33246a95d2904c14f46961e4f4514ffbe3974a92cf4e_gpt-image,0.6666666666666666,0.5793801642856949,1.0
6d228ded0bcd82eed10f33246a95d2904c14f46961e4f4514ffbe3974a92cf4e,India,dates-of-significance,0.9444444444444445,1.0,0.16666666666666663,0.055555555555555546,0.3333333333333333,0.3333333333333333,0.1111111111111111,0.0,0.1111111111111111,0.6666666666666666,0.6666666666666666,False,True,True,smol,6d228ded0bcd82eed10f33246a95d2904c14f46961e4f4514ffbe3974a92cf4e_SD35,0.6666666666666666,0.5793801642856949,1.0
754cbe1bc57edd04c7d35f76f2920eb6f4e19c81a242fb3a6718749ed0d6d0a6,India,greetings,0.4444444444444444,0.6666666666666666,0.3333333333333333,0.2222222222222222,0.6666666666666666,0.6666666666666666,0.2222222222222222,0.4444444444444444,0.2222222222222222,0.5,0.3611111111111111,True,True,True,qwen,754cbe1bc57edd04c7d35f76f2920eb6f4e19c81a242fb3a6718749ed0d6d0a6_SD35,1.0,-0.0,0.0
754cbe1bc57edd04c7d35f76f2920eb6f4e19c81a242fb3a6718749ed0d6d0a6,India,greetings,0.4444444444444444,0.6666666666666666,0.3333333333333333,0.2222222222222222,0.6666666666666666,0.6666666666666666,0.2222222222222222,0.4444444444444444,0.2222222222222222,0.5,0.3611111111111111,True,True,True,smol,754cbe1bc57edd04c7d35f76f2920eb6f4e19c81a242fb3a6718749ed0d6d0a6_SD35,0.3333333333333333,0.9999999999999998,1.0
7259a506aaee1962c31aa5c1ec4a88c836eaee56241142d33a750031f51b0fcf,India,etiquette,0.6145833333333334,0.8333333333333334,0.6666666666666667,0.21875000000000003,0.25,0.25,0.0625,0.3333333333333333,0.35416666666666663,0.5416666666666667,0.484375,True,True,True,qwen,7259a506aaee1962c31aa5c1ec4a88c836eaee56241142d33a750031f51b0fcf_gpt-image,0.6666666666666666,0.4591479170272447,1.0
7259a506aaee1962c31aa5c1ec4a88c836eaee56241142d33a750031f51b0fcf,India,etiquette,0.6145833333333334,0.8333333333333334,0.6666666666666667,0.21875000000000003,0.25,0.25,0.0625,0.3333333333333333,0.35416666666666663,0.5416666666666667,0.484375,True,True,True,smol,7259a506aaee1962c31aa5c1ec4a88c836eaee56241142d33a750031f51b0fcf_flux,0.6666666666666666,0.4591479170272447,1.0
16db4cf56dc87698e12a4744399e31bda2c2787f57775254e538d97c2051522d,India,religion,0.8958333333333334,1.0,0.25,0.10416666666666666,0.5,0.5,0.08333333333333333,0.125,0.08333333333333333,0.7291666666666666,0.75,True,True,True,qwen,16db4cf56dc87698e12a4744399e31bda2c2787f57775254e538d97c2051522d_gpt-image,0.6666666666666666,0.4591479170272447,1.0
16db4cf56dc87698e12a4744399e31bda2c2787f57775254e538d97c2051522d,India,religion,0.8958333333333334,1.0,0.25,0.10416666666666666,0.5,0.5,0.08333333333333333,0.125,0.08333333333333333,0.7291666666666666,0.75,True,True,True,smol,16db4cf56dc87698e12a4744399e31bda2c2787f57775254e538d97c2051522d_gpt-image,0.6666666666666666,0.4591479170272447,1.0
1d5eda7065303efaea87e8ddc5aa9539a0259735083c046ee351257fceff1482,India,religion,0.8958333333333334,1.0,0.25,0.10416666666666666,0.5,0.5,0.0,0.20833333333333331,0.0625,0.6354166666666667,0.6666666666666666,True,True,False,qwen,1d5eda7065303efaea87e8ddc5aa9539a0259735083c046ee351257fceff1482_gpt-image,1.0,-0.0,0.0
1d5eda7065303efaea87e8ddc5aa9539a0259735083c046ee351257fceff1482,India,religion,0.8958333333333334,1.0,0.25,0.10416666666666666,0.5,0.5,0.0,0.20833333333333331,0.0625,0.6354166666666667,0.6666666666666666,True,True,False,smol,1d5eda7065303efaea87e8ddc5aa9539a0259735083c046ee351257fceff1482_flux,1.0,-0.0,0.0
77ce847f3eb259a954fd6457dfb2aea2b58faa4876ce9a91e946d736915843e5,India,religion,0.9166666666666667,1.0,0.16666666666666663,0.08333333333333331,0.5,0.5,0.08333333333333333,0.08333333333333333,0.08333333333333333,0.9166666666666667,0.7916666666666666,True,True,True,qwen,77ce847f3eb259a954fd6457dfb2aea2b58faa4876ce9a91e946d736915843e5_SD35,0.6666666666666666,0.4591479170272447,1.0
77ce847f3eb259a954fd6457dfb2aea2b58faa4876ce9a91e946d736915843e5,India,religion,0.9166666666666667,1.0,0.16666666666666663,0.08333333333333331,0.5,0.5,0.08333333333333333,0.08333333333333333,0.08333333333333333,0.9166666666666667,0.7916666666666666,True,True,True,smol,77ce847f3eb259a954fd6457dfb2aea2b58faa4876ce9a91e946d736915843e5_SD35,0.6666666666666666,0.4591479170272447,1.0
2a8b2d247db67313c0b49d9b7be46bc9026b716c1dad9fca3590308640d277af,India,etiquette,0.9583333333333334,1.0,0.16666666666666663,0.04166666666666666,0.25,0.25,0.08333333333333333,0.0,0.08333333333333333,0.7083333333333334,0.7708333333333334,False,True,True,qwen,2a8b2d247db67313c0b49d9b7be46bc9026b716c1dad9fca3590308640d277af_gpt-image,0.6666666666666666,0.4591479170272447,1.0
2a8b2d247db67313c0b49d9b7be46bc9026b716c1dad9fca3590308640d277af,India,etiquette,0.9583333333333334,1.0,0.16666666666666663,0.04166666666666666,0.25,0.25,0.08333333333333333,0.0,0.08333333333333333,0.7083333333333334,0.7708333333333334,False,True,True,smol,2a8b2d247db67313c0b49d9b7be46bc9026b716c1dad9fca3590308640d277af_SD35,0.3333333333333333,0.792481250360578,1.0
4dbaba73628b0ca557125c693354f07d3791179088b78d5f3914194b9e5d5a88,India,religion,0.75,1.0,0.6666666666666667,0.25,0.5,0.5,0.4583333333333333,0.16666666666666666,0.25,0.7291666666666667,0.6770833333333334,True,True,True,qwen,4dbaba73628b0ca557125c693354f07d3791179088b78d5f3914194b9e5d5a88_SD35,0.3333333333333333,0.792481250360578,1.0
4dbaba73628b0ca557125c693354f07d3791179088b78d5f3914194b9e5d5a88,India,religion,0.75,1.0,0.6666666666666667,0.25,0.5,0.5,0.4583333333333333,0.16666666666666666,0.25,0.7291666666666667,0.6770833333333334,True,True,True,smol,4dbaba73628b0ca557125c693354f07d3791179088b78d5f3914194b9e5d5a88_SD35,0.3333333333333333,0.792481250360578,1.0
1fbb0741b92a7650fd75465da5841c529cc4e6338bc5f18835c8bc98da568add,India,greetings,0.7916666666666666,1.0,0.33333333333333337,0.20833333333333334,0.5,0.5,0.08333333333333333,0.3333333333333333,0.08333333333333333,0.8333333333333333,0.7708333333333333,True,True,True,qwen,1fbb0741b92a7650fd75465da5841c529cc4e6338bc5f18835c8bc98da568add_SD35,0.3333333333333333,0.792481250360578,1.0
1fbb0741b92a7650fd75465da5841c529cc4e6338bc5f18835c8bc98da568add,India,greetings,0.7916666666666666,1.0,0.33333333333333337,0.20833333333333334,0.5,0.5,0.08333333333333333,0.3333333333333333,0.08333333333333333,0.8333333333333333,0.7708333333333333,True,True,True,smol,1fbb0741b92a7650fd75465da5841c529cc4e6338bc5f18835c8bc98da568add_flux,0.6666666666666666,0.4591479170272447,1.0
8ed3617d84c659c0c3a894debddc59669793fc87120ac64016922c4c99800b22,India,dates-of-significance,0.875,1.0,0.33333333333333337,0.125,0.5,0.25,0.0,0.25,0.08333333333333333,0.7708333333333334,0.6822916666666666,True,True,False,qwen,8ed3617d84c659c0c3a894debddc59669793fc87120ac64016922c4c99800b22_SD35,0.3333333333333333,0.792481250360578,1.0
8ed3617d84c659c0c3a894debddc59669793fc87120ac64016922c4c99800b22,India,dates-of-significance,0.875,1.0,0.33333333333333337,0.125,0.5,0.25,0.0,0.25,0.08333333333333333,0.7708333333333334,0.6822916666666666,True,True,False,smol,8ed3617d84c659c0c3a894debddc59669793fc87120ac64016922c4c99800b22_SD35,0.3333333333333333,0.792481250360578,1.0
48a99604128fe81b1b36b2af0275a5f9c674caf9cfd4330e8c9967a3a870bacf,India,greetings,0.75,1.0,0.5,0.25,0.5,0.5,0.0,0.41666666666666663,0.08333333333333333,0.9583333333333334,0.7916666666666666,True,True,False,qwen,48a99604128fe81b1b36b2af0275a5f9c674caf9cfd4330e8c9967a3a870bacf_SD35,0.3333333333333333,0.792481250360578,1.0
48a99604128fe81b1b36b2af0275a5f9c674caf9cfd4330e8c9967a3a870bacf,India,greetings,0.75,1.0,0.5,0.25,0.5,0.5,0.0,0.41666666666666663,0.08333333333333333,0.9583333333333334,0.7916666666666666,True,True,False,smol,48a99604128fe81b1b36b2af0275a5f9c674caf9cfd4330e8c9967a3a870bacf_SD35,0.3333333333333333,0.792481250360578,1.0
50c33905d0fb4b75e10cc612ce51026e618827d5b64cd984fb6538e478af65fb,India,etiquette,0.9166666666666667,1.0,0.16666666666666663,0.08333333333333331,0.5,0.5,0.08333333333333333,0.08333333333333333,0.08333333333333333,0.7083333333333333,0.6770833333333333,True,True,True,qwen,50c33905d0fb4b75e10cc612ce51026e618827d5b64cd984fb6538e478af65fb_SD35,0.3333333333333333,0.792481250360578,1.0
50c33905d0fb4b75e10cc612ce51026e618827d5b64cd984fb6538e478af65fb,India,etiquette,0.9166666666666667,1.0,0.16666666666666663,0.08333333333333331,0.5,0.5,0.08333333333333333,0.08333333333333333,0.08333333333333333,0.7083333333333333,0.6770833333333333,True,True,True,smol,50c33905d0fb4b75e10cc612ce51026e618827d5b64cd984fb6538e478af65fb_flux,0.6666666666666666,0.4591479170272447,1.0
17951fca71a969957977d0e32784747d90ac6762f0e68b9d8dbe17be24588fdf,India,religion,0.75,1.0,0.5,0.25,0.5,0.5,0.125,0.41666666666666663,0.16666666666666666,0.8333333333333334,0.6979166666666666,True,True,True,qwen,17951fca71a969957977d0e32784747d90ac6762f0e68b9d8dbe17be24588fdf_imagegen3,0.6666666666666666,0.4591479170272447,1.0
17951fca71a969957977d0e32784747d90ac6762f0e68b9d8dbe17be24588fdf,India,religion,0.75,1.0,0.5,0.25,0.5,0.5,0.125,0.41666666666666663,0.16666666666666666,0.8333333333333334,0.6979166666666666,True,True,True,smol,17951fca71a969957977d0e32784747d90ac6762f0e68b9d8dbe17be24588fdf_flux,0.6666666666666666,0.4591479170272447,1.0
9de2effb22265f33984a15702cf9095531846559a849beab87eacc3f7b50262a,India,dates-of-significance,0.6458333333333334,0.8333333333333334,0.5,0.18750000000000003,0.25,0.25,0.08333333333333333,0.5,0.29166666666666663,0.8125,0.59375,True,True,True,qwen,9de2effb22265f33984a15702cf9095531846559a849beab87eacc3f7b50262a_SD35,1.0,-0.0,0.0
9de2effb22265f33984a15702cf9095531846559a849beab87eacc3f7b50262a,India,dates-of-significance,0.6458333333333334,0.8333333333333334,0.5,0.18750000000000003,0.25,0.25,0.08333333333333333,0.5,0.29166666666666663,0.8125,0.59375,True,True,True,smol,9de2effb22265f33984a15702cf9095531846559a849beab87eacc3f7b50262a_SD35,0.3333333333333333,0.792481250360578,1.0
0ab9305108cdc7ff49e0091850754fe2723cdcde3a6bbcd7899faa7f93c2834c,India,family,0.6979166666666666,1.0,0.6666666666666667,0.30208333333333337,0.5,0.5,0.0,0.37499999999999994,0.22916666666666666,0.71875,0.5885416666666666,True,True,False,qwen,0ab9305108cdc7ff49e0091850754fe2723cdcde3a6bbcd7899faa7f93c2834c_gpt-image,0.6666666666666666,0.4591479170272447,1.0
0ab9305108cdc7ff49e0091850754fe2723cdcde3a6bbcd7899faa7f93c2834c,India,family,0.6979166666666666,1.0,0.6666666666666667,0.30208333333333337,0.5,0.5,0.0,0.37499999999999994,0.22916666666666666,0.71875,0.5885416666666666,True,True,False,smol,0ab9305108cdc7ff49e0091850754fe2723cdcde3a6bbcd7899faa7f93c2834c_flux,0.3333333333333333,0.792481250360578,1.0
57f30506a22c965bbd6e91adfb94eadf47bdd527044ffd1453277b679eeb28eb,India,dates-of-significance,0.75,1.0,0.6666666666666667,0.25,0.25,0.25,0.0,0.41666666666666663,0.16666666666666666,0.625,0.6458333333333334,True,True,False,qwen,57f30506a22c965bbd6e91adfb94eadf47bdd527044ffd1453277b679eeb28eb_imagegen3,0.6666666666666666,0.4591479170272447,1.0
57f30506a22c965bbd6e91adfb94eadf47bdd527044ffd1453277b679eeb28eb,India,dates-of-significance,0.75,1.0,0.6666666666666667,0.25,0.25,0.25,0.0,0.41666666666666663,0.16666666666666666,0.625,0.6458333333333334,True,True,False,smol,57f30506a22c965bbd6e91adfb94eadf47bdd527044ffd1453277b679eeb28eb_gpt-image,0.6666666666666666,0.4591479170272447,1.0
223f73fb90bfc9f6c67408730790633f22911ff7024cd9cbb97d9a3988e20f44,India,family,0.5416666666666666,0.875,0.625,0.3333333333333333,0.6666666666666666,0.3333333333333333,0.0,0.6666666666666666,0.25,0.7916666666666666,0.625,True,True,False,qwen,223f73fb90bfc9f6c67408730790633f22911ff7024cd9cbb97d9a3988e20f44_SD35,1.0,-0.0,0.0
223f73fb90bfc9f6c67408730790633f22911ff7024cd9cbb97d9a3988e20f44,India,family,0.5416666666666666,0.875,0.625,0.3333333333333333,0.6666666666666666,0.3333333333333333,0.0,0.6666666666666666,0.25,0.7916666666666666,0.625,True,True,False,smol,223f73fb90bfc9f6c67408730790633f22911ff7024cd9cbb97d9a3988e20f44_gpt-image,1.0,-0.0,0.0
90b83fccc983420bd7f248633a933f25e6686764202189b361347a856bd659a0,India,religion,0.5416666666666666,0.6666666666666666,0.3333333333333333,0.12499999999999999,0.3333333333333333,0.3333333333333333,0.2222222222222222,0.5277777777777778,0.19444444444444442,0.7916666666666666,0.4930555555555555,True,True,True,qwen,90b83fccc983420bd7f248633a933f25e6686764202189b361347a856bd659a0_gpt-image,1.0,-0.0,0.0
90b83fccc983420bd7f248633a933f25e6686764202189b361347a856bd659a0,India,religion,0.5416666666666666,0.6666666666666666,0.3333333333333333,0.12499999999999999,0.3333333333333333,0.3333333333333333,0.2222222222222222,0.5277777777777778,0.19444444444444442,0.7916666666666666,0.4930555555555555,True,True,True,smol,90b83fccc983420bd7f248633a933f25e6686764202189b361347a856bd659a0_SD35,0.3333333333333333,0.9999999999999998,1.0
5b8ffb9ab618a49668e8549532085e541c33ca006750c2c324fa0c42986d5c85,India,etiquette,0.8750000000000001,1.0,0.16666666666666663,0.12499999999999997,0.75,0.0,0.08333333333333333,0.16666666666666666,0.08333333333333333,0.625,0.7083333333333334,True,True,True,qwen,5b8ffb9ab618a49668e8549532085e541c33ca006750c2c324fa0c42986d5c85_SD35,0.3333333333333333,0.792481250360578,1.0
5b8ffb9ab618a49668e8549532085e541c33ca006750c2c324fa0c42986d5c85,India,etiquette,0.8750000000000001,1.0,0.16666666666666663,0.12499999999999997,0.75,0.0,0.08333333333333333,0.16666666666666666,0.08333333333333333,0.625,0.7083333333333334,True,True,True,smol,5b8ffb9ab618a49668e8549532085e541c33ca006750c2c324fa0c42986d5c85_flux,0.6666666666666666,0.4591479170272447,1.0
5cc2880bc4065a030cc3a47d238866577ea3c714bdd220d6a4855025ed024556,Iran,family,1.0,1.0,0.0,0.0,0.0,0.0,0.16666666666666666,0.0,0.0,0.8333333333333334,0.5833333333333334,False,False,True,qwen,5cc2880bc4065a030cc3a47d238866577ea3c714bdd220d6a4855025ed024556_gpt-image,1.0,-0.0,0.0
5cc2880bc4065a030cc3a47d238866577ea3c714bdd220d6a4855025ed024556,Iran,family,1.0,1.0,0.0,0.0,0.0,0.0,0.16666666666666666,0.0,0.0,0.8333333333333334,0.5833333333333334,False,False,True,smol,5cc2880bc4065a030cc3a47d238866577ea3c714bdd220d6a4855025ed024556_SD35,0.3333333333333333,0.9999999999999998,1.0
428d28a683bf9a7409fe3318cae437cca481d489823dab8f560fb1ffcacb5461,Iran,etiquette,0.3333333333333333,0.5,0.5,0.16666666666666669,0.25,0.25,0.25,0.8333333333333334,0.375,0.7083333333333334,0.4166666666666667,True,True,True,qwen,428d28a683bf9a7409fe3318cae437cca481d489823dab8f560fb1ffcacb5461_gpt-image,0.6666666666666666,0.4591479170272447,1.0
428d28a683bf9a7409fe3318cae437cca481d489823dab8f560fb1ffcacb5461,Iran,etiquette,0.3333333333333333,0.5,0.5,0.16666666666666669,0.25,0.25,0.25,0.8333333333333334,0.375,0.7083333333333334,0.4166666666666667,True,True,True,smol,428d28a683bf9a7409fe3318cae437cca481d489823dab8f560fb1ffcacb5461_flux,0.6666666666666666,0.4591479170272447,1.0
d462a467a0db0f0f96d7a36f0f97b92bf96244ac36e827d98d3e99058ad42d1b,Iran,etiquette,0.7916666666666666,1.0,0.33333333333333337,0.20833333333333334,0.75,0.25,0.08333333333333333,0.20833333333333331,0.29166666666666663,0.8958333333333334,0.7291666666666666,True,True,True,qwen,d462a467a0db0f0f96d7a36f0f97b92bf96244ac36e827d98d3e99058ad42d1b_gpt-image,1.0,-0.0,0.0
d462a467a0db0f0f96d7a36f0f97b92bf96244ac36e827d98d3e99058ad42d1b,Iran,etiquette,0.7916666666666666,1.0,0.33333333333333337,0.20833333333333334,0.75,0.25,0.08333333333333333,0.20833333333333331,0.29166666666666663,0.8958333333333334,0.7291666666666666,True,True,True,smol,d462a467a0db0f0f96d7a36f0f97b92bf96244ac36e827d98d3e99058ad42d1b_SD35,0.3333333333333333,0.792481250360578,1.0
f52f179624e91f7d5725c90cb318c813c1303bab65cd2e6d98e8aeabf26385d8,Iran,greetings,0.625,1.0,0.8333333333333334,0.375,0.5,0.5,0.5416666666666666,0.41666666666666663,0.3333333333333333,0.7916666666666666,0.5208333333333333,True,True,True,qwen,f52f179624e91f7d5725c90cb318c813c1303bab65cd2e6d98e8aeabf26385d8_gpt-image,0.6666666666666666,0.4591479170272447,1.0
f52f179624e91f7d5725c90cb318c813c1303bab65cd2e6d98e8aeabf26385d8,Iran,greetings,0.625,1.0,0.8333333333333334,0.375,0.5,0.5,0.5416666666666666,0.41666666666666663,0.3333333333333333,0.7916666666666666,0.5208333333333333,True,True,True,smol,f52f179624e91f7d5725c90cb318c813c1303bab65cd2e6d98e8aeabf26385d8_SD35,0.3333333333333333,0.792481250360578,1.0
6dd8010c35fdf00469e86de787dc735fb9144c7c8a7cdbe384fc2e2cfdb0bcfa,Iran,family,0.888888888888889,1.0,0.16666666666666663,0.11111111111111109,0.6666666666666666,0.6666666666666666,0.1111111111111111,0.2222222222222222,0.0,0.6666666666666666,0.6388888888888888,True,False,True,qwen,6dd8010c35fdf00469e86de787dc735fb9144c7c8a7cdbe384fc2e2cfdb0bcfa_gpt-image,1.0,-0.0,0.0
6dd8010c35fdf00469e86de787dc735fb9144c7c8a7cdbe384fc2e2cfdb0bcfa,Iran,family,0.888888888888889,1.0,0.16666666666666663,0.11111111111111109,0.6666666666666666,0.6666666666666666,0.1111111111111111,0.2222222222222222,0.0,0.6666666666666666,0.6388888888888888,True,False,True,smol,6dd8010c35fdf00469e86de787dc735fb9144c7c8a7cdbe384fc2e2cfdb0bcfa_flux,0.6666666666666666,0.5793801642856949,1.0
13f3486afb4e3f2a70493097db6b22f433a2bc2bfab369a1315254e39868fca2,Iran,etiquette,0.8541666666666667,1.0,0.25,0.14583333333333331,0.75,0.25,0.25,0.08333333333333333,0.29166666666666663,0.9583333333333334,0.6875,True,True,True,qwen,13f3486afb4e3f2a70493097db6b22f433a2bc2bfab369a1315254e39868fca2_gpt-image,1.0,-0.0,0.0
13f3486afb4e3f2a70493097db6b22f433a2bc2bfab369a1315254e39868fca2,Iran,etiquette,0.8541666666666667,1.0,0.25,0.14583333333333331,0.75,0.25,0.25,0.08333333333333333,0.29166666666666663,0.9583333333333334,0.6875,True,True,True,smol,13f3486afb4e3f2a70493097db6b22f433a2bc2bfab369a1315254e39868fca2_SD35,0.3333333333333333,0.792481250360578,1.0
77f78dc4f5f65ea019a4b7fd7e869a4dafcf0cd55f21b1c8a9891774cd7e2d4f,Iran,dates-of-significance,0.84375,1.0,0.25,0.15625,0.5,0.5,0.0625,0.125,0.1875,0.84375,0.625,True,True,True,qwen,77f78dc4f5f65ea019a4b7fd7e869a4dafcf0cd55f21b1c8a9891774cd7e2d4f_gpt-image,0.6666666666666666,0.4591479170272447,1.0
77f78dc4f5f65ea019a4b7fd7e869a4dafcf0cd55f21b1c8a9891774cd7e2d4f,Iran,dates-of-significance,0.84375,1.0,0.25,0.15625,0.5,0.5,0.0625,0.125,0.1875,0.84375,0.625,True,True,True,smol,77f78dc4f5f65ea019a4b7fd7e869a4dafcf0cd55f21b1c8a9891774cd7e2d4f_gpt-image,0.6666666666666666,0.4591479170272447,1.0
dccbcb782e2b7d21b3a5e7c8514b85528340c21f959758025336aed867b25df1,Iran,etiquette,0.8333333333333333,1.0,0.6666666666666667,0.16666666666666669,0.25,0.25,0.3333333333333333,0.08333333333333333,0.16666666666666666,0.7916666666666666,0.59375,True,True,True,qwen,dccbcb782e2b7d21b3a5e7c8514b85528340c21f959758025336aed867b25df1_gpt-image,0.6666666666666666,0.4591479170272447,1.0
dccbcb782e2b7d21b3a5e7c8514b85528340c21f959758025336aed867b25df1,Iran,etiquette,0.8333333333333333,1.0,0.6666666666666667,0.16666666666666669,0.25,0.25,0.3333333333333333,0.08333333333333333,0.16666666666666666,0.7916666666666666,0.59375,True,True,True,smol,dccbcb782e2b7d21b3a5e7c8514b85528340c21f959758025336aed867b25df1_gpt-image,0.6666666666666666,0.4591479170272447,1.0
39fc3c4049aed000d3d66cd6a03ccd27b11e6de345b06a288bfc9be81cd9a1dd,Iran,dates-of-significance,0.6666666666666666,1.0,0.6666666666666667,0.33333333333333337,0.5,0.5,0.08333333333333333,0.35416666666666663,0.29166666666666663,0.6979166666666667,0.6666666666666666,True,True,True,qwen,39fc3c4049aed000d3d66cd6a03ccd27b11e6de345b06a288bfc9be81cd9a1dd_gpt-image,0.6666666666666666,0.4591479170272447,1.0
39fc3c4049aed000d3d66cd6a03ccd27b11e6de345b06a288bfc9be81cd9a1dd,Iran,dates-of-significance,0.6666666666666666,1.0,0.6666666666666667,0.33333333333333337,0.5,0.5,0.08333333333333333,0.35416666666666663,0.29166666666666663,0.6979166666666667,0.6666666666666666,True,True,True,smol,39fc3c4049aed000d3d66cd6a03ccd27b11e6de345b06a288bfc9be81cd9a1dd_flux,0.3333333333333333,0.792481250360578,1.0
ab2e251a3c55660b794ace96a3ffd8e4ed11227e6c46ce258cf08f92c0aa414c,Iran,greetings,0.6458333333333334,0.8333333333333334,0.5,0.18750000000000003,0.25,0.25,0.3333333333333333,0.41666666666666663,0.45833333333333326,0.75,0.48958333333333337,True,True,True,qwen,ab2e251a3c55660b794ace96a3ffd8e4ed11227e6c46ce258cf08f92c0aa414c_imagegen3,0.6666666666666666,0.4591479170272447,1.0
ab2e251a3c55660b794ace96a3ffd8e4ed11227e6c46ce258cf08f92c0aa414c,Iran,greetings,0.6458333333333334,0.8333333333333334,0.5,0.18750000000000003,0.25,0.25,0.3333333333333333,0.41666666666666663,0.45833333333333326,0.75,0.48958333333333337,True,True,True,smol,ab2e251a3c55660b794ace96a3ffd8e4ed11227e6c46ce258cf08f92c0aa414c_SD35,0.3333333333333333,0.792481250360578,1.0
529cf4acc0fc47526303c953379f8da99de49cc9596ccc4beb3e3fb555c5e76c,Iran,dates-of-significance,0.8333333333333333,1.0,0.33333333333333337,0.16666666666666669,0.5,0.5,0.25,0.08333333333333333,0.16666666666666666,0.8333333333333334,0.5,True,True,True,qwen,529cf4acc0fc47526303c953379f8da99de49cc9596ccc4beb3e3fb555c5e76c_imagegen3,0.6666666666666666,0.4591479170272447,1.0
529cf4acc0fc47526303c953379f8da99de49cc9596ccc4beb3e3fb555c5e76c,Iran,dates-of-significance,0.8333333333333333,1.0,0.33333333333333337,0.16666666666666669,0.5,0.5,0.25,0.08333333333333333,0.16666666666666666,0.8333333333333334,0.5,True,True,True,smol,529cf4acc0fc47526303c953379f8da99de49cc9596ccc4beb3e3fb555c5e76c_flux,0.6666666666666666,0.4591479170272447,1.0
f73374b93e108df9043123c62b7b6b655c617b696a284800166335d726d8649c,Iran,family,0.625,0.8333333333333334,0.33333333333333337,0.20833333333333337,0.5,0.5,0.3333333333333333,0.3333333333333333,0.41666666666666663,0.9166666666666666,0.5625,True,True,True,qwen,f73374b93e108df9043123c62b7b6b655c617b696a284800166335d726d8649c_imagegen3,0.6666666666666666,0.4591479170272447,1.0
f73374b93e108df9043123c62b7b6b655c617b696a284800166335d726d8649c,Iran,family,0.625,0.8333333333333334,0.33333333333333337,0.20833333333333337,0.5,0.5,0.3333333333333333,0.3333333333333333,0.41666666666666663,0.9166666666666666,0.5625,True,True,True,smol,f73374b93e108df9043123c62b7b6b655c617b696a284800166335d726d8649c_flux,0.6666666666666666,0.4591479170272447,1.0
731b6f3e920d19053ce2d0dde4d2deee48dc277f6a86793a01cabb82dabf6f3f,Iran,dates-of-significance,0.7083333333333334,0.8333333333333334,0.33333333333333337,0.12500000000000003,0.5,0.25,0.6666666666666666,0.20833333333333331,0.25,0.875,0.5520833333333333,True,True,True,qwen,731b6f3e920d19053ce2d0dde4d2deee48dc277f6a86793a01cabb82dabf6f3f_imagegen3,1.0,-0.0,0.0
731b6f3e920d19053ce2d0dde4d2deee48dc277f6a86793a01cabb82dabf6f3f,Iran,dates-of-significance,0.7083333333333334,0.8333333333333334,0.33333333333333337,0.12500000000000003,0.5,0.25,0.6666666666666666,0.20833333333333331,0.25,0.875,0.5520833333333333,True,True,True,smol,731b6f3e920d19053ce2d0dde4d2deee48dc277f6a86793a01cabb82dabf6f3f_flux,0.6666666666666666,0.4591479170272447,1.0
b1cee391da539de41872ea1d39a6eba2f79a8434c36621702bf04522573cadfc,Iran,religion,0.8333333333333334,1.0,0.5,0.16666666666666666,0.25,0.25,0.125,0.16666666666666666,0.25,0.7708333333333334,0.6041666666666667,True,True,True,qwen,b1cee391da539de41872ea1d39a6eba2f79a8434c36621702bf04522573cadfc_imagegen3,1.0,-0.0,0.0
b1cee391da539de41872ea1d39a6eba2f79a8434c36621702bf04522573cadfc,Iran,religion,0.8333333333333334,1.0,0.5,0.16666666666666666,0.25,0.25,0.125,0.16666666666666666,0.25,0.7708333333333334,0.6041666666666667,True,True,True,smol,b1cee391da539de41872ea1d39a6eba2f79a8434c36621702bf04522573cadfc_SD35,0.3333333333333333,0.792481250360578,1.0
8137e6b6a5f74dba4182927ea406c9471eefde39418bc92c5db12ad75f174b70,Iran,dates-of-significance,0.8333333333333333,1.0,0.33333333333333337,0.16666666666666669,0.5,0.5,0.3333333333333333,0.08333333333333333,0.25,0.9166666666666667,0.5520833333333334,True,True,True,qwen,8137e6b6a5f74dba4182927ea406c9471eefde39418bc92c5db12ad75f174b70_gpt-image,0.6666666666666666,0.4591479170272447,1.0
8137e6b6a5f74dba4182927ea406c9471eefde39418bc92c5db12ad75f174b70,Iran,dates-of-significance,0.8333333333333333,1.0,0.33333333333333337,0.16666666666666669,0.5,0.5,0.3333333333333333,0.08333333333333333,0.25,0.9166666666666667,0.5520833333333334,True,True,True,smol,8137e6b6a5f74dba4182927ea406c9471eefde39418bc92c5db12ad75f174b70_flux,0.3333333333333333,0.792481250360578,1.0
b6de5ba7cb875fe333e89a11b97be96cbe39251dd8007391f7c990726693f160,Iran,family,0.7083333333333334,1.0,0.6666666666666667,0.2916666666666667,0.5,0.25,0.49999999999999994,0.3333333333333333,0.25,0.75,0.47916666666666674,True,True,True,qwen,b6de5ba7cb875fe333e89a11b97be96cbe39251dd8007391f7c990726693f160_imagegen3,0.6666666666666666,0.4591479170272447,1.0
b6de5ba7cb875fe333e89a11b97be96cbe39251dd8007391f7c990726693f160,Iran,family,0.7083333333333334,1.0,0.6666666666666667,0.2916666666666667,0.5,0.25,0.49999999999999994,0.3333333333333333,0.25,0.75,0.47916666666666674,True,True,True,smol,b6de5ba7cb875fe333e89a11b97be96cbe39251dd8007391f7c990726693f160_flux,0.3333333333333333,0.792481250360578,1.0
34823bf0c52ef0744a7f558cbc4c97b43648650cfa517db583a0f7bee3460dda,Iran,religion,0.875,1.0,0.5,0.125,0.25,0.25,0.125,0.125,0.125,0.9375,0.7708333333333333,True,True,True,qwen,34823bf0c52ef0744a7f558cbc4c97b43648650cfa517db583a0f7bee3460dda_gpt-image,0.6666666666666666,0.4591479170272447,1.0
34823bf0c52ef0744a7f558cbc4c97b43648650cfa517db583a0f7bee3460dda,Iran,religion,0.875,1.0,0.5,0.125,0.25,0.25,0.125,0.125,0.125,0.9375,0.7708333333333333,True,True,True,smol,34823bf0c52ef0744a7f558cbc4c97b43648650cfa517db583a0f7bee3460dda_SD35,0.3333333333333333,0.792481250360578,1.0
3570e92334350e45823f8e4d0287a0f6f8ff5f2fbd7510474f819bf01bd8363e,Iran,dates-of-significance,0.625,0.8333333333333334,0.5,0.20833333333333334,0.5,0.5,0.25,0.41666666666666663,0.16666666666666666,0.6666666666666666,0.47916666666666674,True,True,True,qwen,3570e92334350e45823f8e4d0287a0f6f8ff5f2fbd7510474f819bf01bd8363e_imagegen3,1.0,-0.0,0.0
3570e92334350e45823f8e4d0287a0f6f8ff5f2fbd7510474f819bf01bd8363e,Iran,dates-of-significance,0.625,0.8333333333333334,0.5,0.20833333333333334,0.5,0.5,0.25,0.41666666666666663,0.16666666666666666,0.6666666666666666,0.47916666666666674,True,True,True,smol,3570e92334350e45823f8e4d0287a0f6f8ff5f2fbd7510474f819bf01bd8363e_flux,0.3333333333333333,0.792481250360578,1.0
dd1cb6339e039e869d9f50863bd53f20ab16704ea71f4a21dd7ff59ff8283230,Iran,dates-of-significance,0.625,1.0,0.5,0.375,0.75,0.75,0.0,0.20833333333333331,0.5833333333333334,0.8541666666666666,0.5520833333333333,True,True,False,qwen,dd1cb6339e039e869d9f50863bd53f20ab16704ea71f4a21dd7ff59ff8283230_gpt-image,1.0,-0.0,0.0
dd1cb6339e039e869d9f50863bd53f20ab16704ea71f4a21dd7ff59ff8283230,Iran,dates-of-significance,0.625,1.0,0.5,0.375,0.75,0.75,0.0,0.20833333333333331,0.5833333333333334,0.8541666666666666,0.5520833333333333,True,True,False,smol,dd1cb6339e039e869d9f50863bd53f20ab16704ea71f4a21dd7ff59ff8283230_flux,0.3333333333333333,0.792481250360578,1.0
7f67d34ed70c8b39b36e95922b73c576fe86859eec852fc95763235c00c1a595,Iran,religion,0.6666666666666666,1.0,0.8333333333333334,0.3333333333333333,0.3333333333333333,0.3333333333333333,0.4444444444444444,0.3333333333333333,0.2222222222222222,0.7222222222222223,0.4444444444444445,True,True,True,qwen,7f67d34ed70c8b39b36e95922b73c576fe86859eec852fc95763235c00c1a595_gpt-image,1.0,-0.0,0.0
7f67d34ed70c8b39b36e95922b73c576fe86859eec852fc95763235c00c1a595,Iran,religion,0.6666666666666666,1.0,0.8333333333333334,0.3333333333333333,0.3333333333333333,0.3333333333333333,0.4444444444444444,0.3333333333333333,0.2222222222222222,0.7222222222222223,0.4444444444444445,True,True,True,smol,7f67d34ed70c8b39b36e95922b73c576fe86859eec852fc95763235c00c1a595_gpt-image,0.6666666666666666,0.5793801642856949,1.0
9bad366adf163abb5e9729b4997a971da2966236f39d239d9079a947a98104e7,Iran,greetings,0.6666666666666666,1.0,0.6666666666666667,0.33333333333333337,0.5,0.5,0.3333333333333333,0.25,0.3333333333333333,0.75,0.6354166666666667,True,True,True,qwen,9bad366adf163abb5e9729b4997a971da2966236f39d239d9079a947a98104e7_flux,0.6666666666666666,0.4591479170272447,1.0
9bad366adf163abb5e9729b4997a971da2966236f39d239d9079a947a98104e7,Iran,greetings,0.6666666666666666,1.0,0.6666666666666667,0.33333333333333337,0.5,0.5,0.3333333333333333,0.25,0.3333333333333333,0.75,0.6354166666666667,True,True,True,smol,9bad366adf163abb5e9729b4997a971da2966236f39d239d9079a947a98104e7_SD35,0.6666666666666666,0.4591479170272447,1.0
c3306563904e1dc89e6cfb94b072363825101264827f9039518873767dd28762,Iran,etiquette,0.4583333333333333,0.5,0.16666666666666669,0.04166666666666667,0.25,0.25,0.16666666666666666,0.25,0.5,0.8333333333333333,0.4166666666666667,True,True,True,qwen,c3306563904e1dc89e6cfb94b072363825101264827f9039518873767dd28762_SD35,1.0,-0.0,0.0
c3306563904e1dc89e6cfb94b072363825101264827f9039518873767dd28762,Iran,etiquette,0.4583333333333333,0.5,0.16666666666666669,0.04166666666666667,0.25,0.25,0.16666666666666666,0.25,0.5,0.8333333333333333,0.4166666666666667,True,True,True,smol,c3306563904e1dc89e6cfb94b072363825101264827f9039518873767dd28762_gpt-image,0.6666666666666666,0.4591479170272447,1.0
eaf095b0236fe55bca85e89140e30751758d226da47b9f99c58160048fdfebc0,Iran,religion,0.8333333333333334,1.0,0.5,0.16666666666666666,0.25,0.25,0.16666666666666666,0.25,0.16666666666666666,0.7916666666666666,0.71875,True,True,True,qwen,eaf095b0236fe55bca85e89140e30751758d226da47b9f99c58160048fdfebc0_SD35,0.3333333333333333,0.792481250360578,1.0
eaf095b0236fe55bca85e89140e30751758d226da47b9f99c58160048fdfebc0,Iran,religion,0.8333333333333334,1.0,0.5,0.16666666666666666,0.25,0.25,0.16666666666666666,0.25,0.16666666666666666,0.7916666666666666,0.71875,True,True,True,smol,eaf095b0236fe55bca85e89140e30751758d226da47b9f99c58160048fdfebc0_SD35,0.3333333333333333,0.792481250360578,1.0
74e10c617d93ab19933c40012311c8bec9991abab4de78a58b2ee6741dc2ca54,Iran,family,0.6666666666666666,1.0,0.8333333333333334,0.3333333333333333,0.3333333333333333,0.3333333333333333,0.2222222222222222,0.4444444444444444,0.3333333333333333,0.7777777777777777,0.47222222222222215,True,True,True,qwen,74e10c617d93ab19933c40012311c8bec9991abab4de78a58b2ee6741dc2ca54_gpt-image,1.0,-0.0,0.0
74e10c617d93ab19933c40012311c8bec9991abab4de78a58b2ee6741dc2ca54,Iran,family,0.6666666666666666,1.0,0.8333333333333334,0.3333333333333333,0.3333333333333333,0.3333333333333333,0.2222222222222222,0.4444444444444444,0.3333333333333333,0.7777777777777777,0.47222222222222215,True,True,True,smol,74e10c617d93ab19933c40012311c8bec9991abab4de78a58b2ee6741dc2ca54_flux,0.6666666666666666,0.5793801642856949,1.0
98c0b13e582dfd744d1f2823075f9745c48552f381eb7fc36d89027083dfe43e,Iran,dates-of-significance,0.8333333333333334,1.0,0.5,0.16666666666666666,0.3333333333333333,0.3333333333333333,0.1111111111111111,0.1111111111111111,0.1111111111111111,0.8333333333333334,0.6944444444444443,True,True,True,qwen,98c0b13e582dfd744d1f2823075f9745c48552f381eb7fc36d89027083dfe43e_gpt-image,1.0,-0.0,0.0
98c0b13e582dfd744d1f2823075f9745c48552f381eb7fc36d89027083dfe43e,Iran,dates-of-significance,0.8333333333333334,1.0,0.5,0.16666666666666666,0.3333333333333333,0.3333333333333333,0.1111111111111111,0.1111111111111111,0.1111111111111111,0.8333333333333334,0.6944444444444443,True,True,True,smol,98c0b13e582dfd744d1f2823075f9745c48552f381eb7fc36d89027083dfe43e_flux,0.6666666666666666,0.5793801642856949,1.0
001633c1aad134e480bc7b18403b458fe1afb2ecb43d6e87bda5bf4e7f2f0b99,Iran,family,0.5,0.75,0.75,0.25,0.3333333333333333,0.3333333333333333,0.38888888888888884,0.3055555555555555,0.5833333333333334,0.7777777777777778,0.40277777777777785,True,True,True,qwen,001633c1aad134e480bc7b18403b458fe1afb2ecb43d6e87bda5bf4e7f2f0b99_gpt-image,0.6666666666666666,0.5793801642856949,1.0
001633c1aad134e480bc7b18403b458fe1afb2ecb43d6e87bda5bf4e7f2f0b99,Iran,family,0.5,0.75,0.75,0.25,0.3333333333333333,0.3333333333333333,0.38888888888888884,0.3055555555555555,0.5833333333333334,0.7777777777777778,0.40277777777777785,True,True,True,smol,001633c1aad134e480bc7b18403b458fe1afb2ecb43d6e87bda5bf4e7f2f0b99_SD35,0.3333333333333333,0.9999999999999998,1.0
a840ecf0dd10c866ed59e5a7734c9c5b8524a0446afbb16b11736b4638bc5979,Iran,family,0.3888888888888889,1.0,1.0,0.6111111111111112,0.6666666666666666,0.6666666666666666,0.7222222222222222,0.5555555555555555,0.38888888888888884,0.6666666666666666,0.20833333333333334,True,True,True,qwen,a840ecf0dd10c866ed59e5a7734c9c5b8524a0446afbb16b11736b4638bc5979_gpt-image,1.0,-0.0,0.0
a840ecf0dd10c866ed59e5a7734c9c5b8524a0446afbb16b11736b4638bc5979,Iran,family,0.3888888888888889,1.0,1.0,0.6111111111111112,0.6666666666666666,0.6666666666666666,0.7222222222222222,0.5555555555555555,0.38888888888888884,0.6666666666666666,0.20833333333333334,True,True,True,smol,a840ecf0dd10c866ed59e5a7734c9c5b8524a0446afbb16b11736b4638bc5979_SD35,0.3333333333333333,0.9999999999999998,1.0
a9835ecb5e5bd0c097256454f2d8c8368e27831a2c61bb91306dfb706817c21c,Iran,etiquette,0.625,1.0,1.0,0.375,0.25,0.25,0.25,0.41666666666666663,0.375,0.8333333333333333,0.6041666666666666,True,True,True,qwen,a9835ecb5e5bd0c097256454f2d8c8368e27831a2c61bb91306dfb706817c21c_gpt-image,1.0,-0.0,0.0
a9835ecb5e5bd0c097256454f2d8c8368e27831a2c61bb91306dfb706817c21c,Iran,etiquette,0.625,1.0,1.0,0.375,0.25,0.25,0.25,0.41666666666666663,0.375,0.8333333333333333,0.6041666666666666,True,True,True,smol,a9835ecb5e5bd0c097256454f2d8c8368e27831a2c61bb91306dfb706817c21c_SD35,0.3333333333333333,0.792481250360578,1.0
5230ecfcd9c00fadbdc413aab4d6c746a50db634de18cabeee7b639f1ac50d29,Iran,dates-of-significance,0.4583333333333333,0.75,0.5,0.2916666666666667,0.5,0.5,0.08333333333333333,0.5416666666666666,0.5416666666666666,0.7083333333333334,0.3958333333333333,True,True,True,qwen,5230ecfcd9c00fadbdc413aab4d6c746a50db634de18cabeee7b639f1ac50d29_gpt-image,0.6666666666666666,0.4591479170272447,1.0
5230ecfcd9c00fadbdc413aab4d6c746a50db634de18cabeee7b639f1ac50d29,Iran,dates-of-significance,0.4583333333333333,0.75,0.5,0.2916666666666667,0.5,0.5,0.08333333333333333,0.5416666666666666,0.5416666666666666,0.7083333333333334,0.3958333333333333,True,True,True,smol,5230ecfcd9c00fadbdc413aab4d6c746a50db634de18cabeee7b639f1ac50d29_SD35,0.3333333333333333,0.792481250360578,1.0
35843e3b380149cb896c64e68cbbf7a354431d09132cd19fe6026c72861ec553,Iran,dates-of-significance,0.7777777777777778,1.0,0.5,0.2222222222222222,0.3333333333333333,0.3333333333333333,0.3333333333333333,0.2222222222222222,0.3333333333333333,0.7222222222222222,0.3611111111111111,True,True,True,qwen,35843e3b380149cb896c64e68cbbf7a354431d09132cd19fe6026c72861ec553_gpt-image,0.6666666666666666,0.5793801642856949,1.0
35843e3b380149cb896c64e68cbbf7a354431d09132cd19fe6026c72861ec553,Iran,dates-of-significance,0.7777777777777778,1.0,0.5,0.2222222222222222,0.3333333333333333,0.3333333333333333,0.3333333333333333,0.2222222222222222,0.3333333333333333,0.7222222222222222,0.3611111111111111,True,True,True,smol,35843e3b380149cb896c64e68cbbf7a354431d09132cd19fe6026c72861ec553_flux,0.6666666666666666,0.5793801642856949,1.0
aa35ea3f22d84157b212d7a984bc9592ac5fc6ff69110951ea6dfed0fdf2132b,Japan,etiquette,0.59375,1.0,0.625,0.40625,0.75,0.75,0.2708333333333333,0.29166666666666663,0.6041666666666666,0.7291666666666666,0.5416666666666666,True,True,True,qwen,aa35ea3f22d84157b212d7a984bc9592ac5fc6ff69110951ea6dfed0fdf2132b_SD35,0.3333333333333333,0.792481250360578,1.0
aa35ea3f22d84157b212d7a984bc9592ac5fc6ff69110951ea6dfed0fdf2132b,Japan,etiquette,0.59375,1.0,0.625,0.40625,0.75,0.75,0.2708333333333333,0.29166666666666663,0.6041666666666666,0.7291666666666666,0.5416666666666666,True,True,True,smol,aa35ea3f22d84157b212d7a984bc9592ac5fc6ff69110951ea6dfed0fdf2132b_flux,1.0,-0.0,0.0
84dfa4c7aef015acb40482e92f0663eacb22b2f809e71a27e6f5b59f363616f4,Japan,greetings,0.7083333333333333,1.0,0.5,0.2916666666666667,0.75,0.25,0.16666666666666666,0.25,0.3333333333333333,0.8333333333333334,0.7083333333333334,True,True,True,qwen,84dfa4c7aef015acb40482e92f0663eacb22b2f809e71a27e6f5b59f363616f4_SD35,0.3333333333333333,0.792481250360578,1.0
84dfa4c7aef015acb40482e92f0663eacb22b2f809e71a27e6f5b59f363616f4,Japan,greetings,0.7083333333333333,1.0,0.5,0.2916666666666667,0.75,0.25,0.16666666666666666,0.25,0.3333333333333333,0.8333333333333334,0.7083333333333334,True,True,True,smol,84dfa4c7aef015acb40482e92f0663eacb22b2f809e71a27e6f5b59f363616f4_flux,0.6666666666666666,0.4591479170272447,1.0
d1897961249bff74588fff9a20188128f9457caea1b88268640387eeb91ea5ae,Japan,etiquette,0.7083333333333334,1.0,0.6666666666666667,0.2916666666666667,0.5,0.25,0.3333333333333333,0.3333333333333333,0.3333333333333333,0.7916666666666667,0.6458333333333334,True,True,True,qwen,d1897961249bff74588fff9a20188128f9457caea1b88268640387eeb91ea5ae_gpt-image,0.6666666666666666,0.4591479170272447,1.0
d1897961249bff74588fff9a20188128f9457caea1b88268640387eeb91ea5ae,Japan,etiquette,0.7083333333333334,1.0,0.6666666666666667,0.2916666666666667,0.5,0.25,0.3333333333333333,0.3333333333333333,0.3333333333333333,0.7916666666666667,0.6458333333333334,True,True,True,smol,d1897961249bff74588fff9a20188128f9457caea1b88268640387eeb91ea5ae_flux,0.6666666666666666,0.4591479170272447,1.0
ebd50c6933cff08835dda17ba39d5d0115ffdcfd2e9ae13fd80625ac14e78375,Japan,dates-of-significance,0.5416666666666666,0.8333333333333334,0.5,0.2916666666666667,0.75,0.25,0.41666666666666663,0.49999999999999994,0.5833333333333333,0.7916666666666667,0.4583333333333333,True,True,True,qwen,ebd50c6933cff08835dda17ba39d5d0115ffdcfd2e9ae13fd80625ac14e78375_imagegen3,1.0,-0.0,0.0
ebd50c6933cff08835dda17ba39d5d0115ffdcfd2e9ae13fd80625ac14e78375,Japan,dates-of-significance,0.5416666666666666,0.8333333333333334,0.5,0.2916666666666667,0.75,0.25,0.41666666666666663,0.49999999999999994,0.5833333333333333,0.7916666666666667,0.4583333333333333,True,True,True,smol,ebd50c6933cff08835dda17ba39d5d0115ffdcfd2e9ae13fd80625ac14e78375_flux,0.3333333333333333,0.792481250360578,1.0
75d6dc44439eac091e2a9bc219aec4dd4ca6128d6d08bba24b5651707f2bea7e,Japan,etiquette,0.5625,0.8333333333333334,0.5833333333333334,0.27083333333333337,0.5,0.5,0.125,0.3333333333333333,0.5416666666666666,0.8333333333333334,0.5,True,True,True,qwen,75d6dc44439eac091e2a9bc219aec4dd4ca6128d6d08bba24b5651707f2bea7e_gpt-image,0.6666666666666666,0.4591479170272447,1.0
75d6dc44439eac091e2a9bc219aec4dd4ca6128d6d08bba24b5651707f2bea7e,Japan,etiquette,0.5625,0.8333333333333334,0.5833333333333334,0.27083333333333337,0.5,0.5,0.125,0.3333333333333333,0.5416666666666666,0.8333333333333334,0.5,True,True,True,smol,75d6dc44439eac091e2a9bc219aec4dd4ca6128d6d08bba24b5651707f2bea7e_flux,0.6666666666666666,0.4591479170272447,1.0
34e32ee2ad8091439db3dd3bd4e4bac02217254540cacc9a09fd0b4964569578,Japan,etiquette,0.38541666666666663,0.875,0.7083333333333334,0.48958333333333337,0.75,0.75,0.3125,0.5625,0.47916666666666663,0.5520833333333333,0.390625,True,True,True,qwen,34e32ee2ad8091439db3dd3bd4e4bac02217254540cacc9a09fd0b4964569578_gpt-image,0.6666666666666666,0.4591479170272447,1.0
34e32ee2ad8091439db3dd3bd4e4bac02217254540cacc9a09fd0b4964569578,Japan,etiquette,0.38541666666666663,0.875,0.7083333333333334,0.48958333333333337,0.75,0.75,0.3125,0.5625,0.47916666666666663,0.5520833333333333,0.390625,True,True,True,smol,34e32ee2ad8091439db3dd3bd4e4bac02217254540cacc9a09fd0b4964569578_flux,0.6666666666666666,0.4591479170272447,1.0
ec157499a1865f1d9f14052ded1aec16c89dffb9c23d3d6034904eaf6857a90d,Japan,dates-of-significance,0.5,0.8333333333333334,0.5,0.3333333333333333,0.6666666666666666,0.6666666666666666,0.3333333333333333,0.4444444444444444,0.5555555555555555,0.7222222222222222,0.38888888888888884,True,True,True,qwen,ec157499a1865f1d9f14052ded1aec16c89dffb9c23d3d6034904eaf6857a90d_SD35,0.6666666666666666,0.5793801642856949,1.0
ec157499a1865f1d9f14052ded1aec16c89dffb9c23d3d6034904eaf6857a90d,Japan,dates-of-significance,0.5,0.8333333333333334,0.5,0.3333333333333333,0.6666666666666666,0.6666666666666666,0.3333333333333333,0.4444444444444444,0.5555555555555555,0.7222222222222222,0.38888888888888884,True,True,True,smol,ec157499a1865f1d9f14052ded1aec16c89dffb9c23d3d6034904eaf6857a90d_SD35,0.3333333333333333,0.9999999999999998,1.0
aaf837377cd95ed3171700267c2a425255c5ba3f4866277b970d94923d5600c0,Japan,religion,0.8645833333333334,1.0,0.375,0.13541666666666666,0.5,0.25,0.0625,0.2708333333333333,0.125,0.84375,0.7395833333333333,True,True,True,qwen,aaf837377cd95ed3171700267c2a425255c5ba3f4866277b970d94923d5600c0_SD35,0.3333333333333333,0.792481250360578,1.0
aaf837377cd95ed3171700267c2a425255c5ba3f4866277b970d94923d5600c0,Japan,religion,0.8645833333333334,1.0,0.375,0.13541666666666666,0.5,0.25,0.0625,0.2708333333333333,0.125,0.84375,0.7395833333333333,True,True,True,smol,aaf837377cd95ed3171700267c2a425255c5ba3f4866277b970d94923d5600c0_SD35,0.3333333333333333,0.792481250360578,1.0
72abf9c4d03ff087ebfaf841046d418994717b8bc378399e4abd574a189f1b06,Japan,dates-of-significance,0.6666666666666666,0.8333333333333334,0.33333333333333337,0.1666666666666667,0.25,0.25,0.08333333333333333,0.16666666666666666,0.5833333333333333,0.6666666666666666,0.5833333333333334,True,True,True,qwen,72abf9c4d03ff087ebfaf841046d418994717b8bc378399e4abd574a189f1b06_gpt-image,1.0,-0.0,0.0
72abf9c4d03ff087ebfaf841046d418994717b8bc378399e4abd574a189f1b06,Japan,dates-of-significance,0.6666666666666666,0.8333333333333334,0.33333333333333337,0.1666666666666667,0.25,0.25,0.08333333333333333,0.16666666666666666,0.5833333333333333,0.6666666666666666,0.5833333333333334,True,True,True,smol,72abf9c4d03ff087ebfaf841046d418994717b8bc378399e4abd574a189f1b06_SD35,0.3333333333333333,0.792481250360578,1.0
27bf4392f09239bba33ac42e842f499815290526c56cbad6bde689f555150c93,Japan,greetings,0.4444444444444444,0.6666666666666666,0.5,0.2222222222222222,0.3333333333333333,0.3333333333333333,0.0,0.5555555555555555,0.3333333333333333,0.7222222222222222,0.4166666666666667,True,True,False,qwen,27bf4392f09239bba33ac42e842f499815290526c56cbad6bde689f555150c93_gpt-image,0.6666666666666666,0.5793801642856949,1.0
27bf4392f09239bba33ac42e842f499815290526c56cbad6bde689f555150c93,Japan,greetings,0.4444444444444444,0.6666666666666666,0.5,0.2222222222222222,0.3333333333333333,0.3333333333333333,0.0,0.5555555555555555,0.3333333333333333,0.7222222222222222,0.4166666666666667,True,True,False,smol,27bf4392f09239bba33ac42e842f499815290526c56cbad6bde689f555150c93_SD35,0.6666666666666666,0.5793801642856949,1.0
a15c170ac5768eee0e4a827fdfbe867b10b6a608f1cebaa7d0dfe498a3e58299,Japan,dates-of-significance,0.8020833333333334,0.875,0.20833333333333337,0.07291666666666666,0.25,0.25,0.0,0.08333333333333333,0.3958333333333333,0.6770833333333333,0.7604166666666666,True,True,False,qwen,a15c170ac5768eee0e4a827fdfbe867b10b6a608f1cebaa7d0dfe498a3e58299_SD35,0.3333333333333333,0.792481250360578,1.0
a15c170ac5768eee0e4a827fdfbe867b10b6a608f1cebaa7d0dfe498a3e58299,Japan,dates-of-significance,0.8020833333333334,0.875,0.20833333333333337,0.07291666666666666,0.25,0.25,0.0,0.08333333333333333,0.3958333333333333,0.6770833333333333,0.7604166666666666,True,True,False,smol,a15c170ac5768eee0e4a827fdfbe867b10b6a608f1cebaa7d0dfe498a3e58299_SD35,0.3333333333333333,0.792481250360578,1.0
6275f074054618f18a7bab08960b4ca16541a759c7de3883ade4db743b7cc6bb,Japan,family,0.7083333333333334,0.8333333333333334,0.33333333333333337,0.12500000000000003,0.5,0.25,0.20833333333333331,0.16666666666666666,0.41666666666666663,0.9583333333333334,0.71875,True,True,True,qwen,6275f074054618f18a7bab08960b4ca16541a759c7de3883ade4db743b7cc6bb_gpt-image,0.6666666666666666,0.4591479170272447,1.0
6275f074054618f18a7bab08960b4ca16541a759c7de3883ade4db743b7cc6bb,Japan,family,0.7083333333333334,0.8333333333333334,0.33333333333333337,0.12500000000000003,0.5,0.25,0.20833333333333331,0.16666666666666666,0.41666666666666663,0.9583333333333334,0.71875,True,True,True,smol,6275f074054618f18a7bab08960b4ca16541a759c7de3883ade4db743b7cc6bb_SD35,0.3333333333333333,0.792481250360578,1.0
db3be1a70c8f200e3ec25e3d0f386d194b8b69283352bf81abc8aca05f1ce227,Japan,etiquette,0.5416666666666666,0.6666666666666666,0.16666666666666663,0.12499999999999997,0.75,0.0,0.16666666666666666,0.7499999999999999,0.16666666666666666,1.0,0.6666666666666667,True,True,True,qwen,db3be1a70c8f200e3ec25e3d0f386d194b8b69283352bf81abc8aca05f1ce227_gpt-image,0.6666666666666666,0.4591479170272447,1.0
db3be1a70c8f200e3ec25e3d0f386d194b8b69283352bf81abc8aca05f1ce227,Japan,etiquette,0.5416666666666666,0.6666666666666666,0.16666666666666663,0.12499999999999997,0.75,0.0,0.16666666666666666,0.7499999999999999,0.16666666666666666,1.0,0.6666666666666667,True,True,True,smol,db3be1a70c8f200e3ec25e3d0f386d194b8b69283352bf81abc8aca05f1ce227_flux,0.6666666666666666,0.4591479170272447,1.0
548fd32fdd9d33f7054642b6111124e37f3188f486e8fe034386d190aa53c51a,Japan,dates-of-significance,0.5416666666666666,0.8333333333333334,0.5,0.2916666666666667,0.75,0.25,0.25,0.3333333333333333,0.6666666666666666,0.6666666666666667,0.4375,True,True,True,qwen,548fd32fdd9d33f7054642b6111124e37f3188f486e8fe034386d190aa53c51a_gpt-image,1.0,-0.0,0.0
548fd32fdd9d33f7054642b6111124e37f3188f486e8fe034386d190aa53c51a,Japan,dates-of-significance,0.5416666666666666,0.8333333333333334,0.5,0.2916666666666667,0.75,0.25,0.25,0.3333333333333333,0.6666666666666666,0.6666666666666667,0.4375,True,True,True,smol,548fd32fdd9d33f7054642b6111124e37f3188f486e8fe034386d190aa53c51a_SD35,0.3333333333333333,0.792481250360578,1.0
db0d36206ab0537bc099e39f532b62986916c1f0a03406ccadf32f3d9e2675f3,Japan,greetings,0.5555555555555555,1.0,0.6666666666666667,0.4444444444444445,0.6666666666666666,0.6666666666666666,0.5555555555555555,0.4444444444444444,0.5555555555555555,0.7222222222222222,0.4166666666666667,True,True,True,qwen,db0d36206ab0537bc099e39f532b62986916c1f0a03406ccadf32f3d9e2675f3_gpt-image,1.0,-0.0,0.0
db0d36206ab0537bc099e39f532b62986916c1f0a03406ccadf32f3d9e2675f3,Japan,greetings,0.5555555555555555,1.0,0.6666666666666667,0.4444444444444445,0.6666666666666666,0.6666666666666666,0.5555555555555555,0.4444444444444444,0.5555555555555555,0.7222222222222222,0.4166666666666667,True,True,True,smol,db0d36206ab0537bc099e39f532b62986916c1f0a03406ccadf32f3d9e2675f3_flux,0.6666666666666666,0.5793801642856949,1.0
f0ae00d6f0a2e377872ec8c79e58d4067f623280341ae3df6a4e99f1bc84270d,Japan,religion,0.5,1.0,1.0,0.5,0.5,0.5,0.08333333333333333,0.41666666666666663,0.41666666666666663,0.7500000000000001,0.5416666666666666,True,True,True,qwen,f0ae00d6f0a2e377872ec8c79e58d4067f623280341ae3df6a4e99f1bc84270d_gpt-image,0.6666666666666666,0.4591479170272447,1.0
f0ae00d6f0a2e377872ec8c79e58d4067f623280341ae3df6a4e99f1bc84270d,Japan,religion,0.5,1.0,1.0,0.5,0.5,0.5,0.08333333333333333,0.41666666666666663,0.41666666666666663,0.7500000000000001,0.5416666666666666,True,True,True,smol,f0ae00d6f0a2e377872ec8c79e58d4067f623280341ae3df6a4e99f1bc84270d_SD35,0.3333333333333333,0.792481250360578,1.0
ab4fc345e8c0a7fd154c2244fb56c9ca8dd3a590ea2bfe20b17dfed9a860db12,Japan,etiquette,0.5,0.6666666666666666,0.3333333333333333,0.16666666666666666,0.3333333333333333,0.3333333333333333,0.1111111111111111,0.3333333333333333,0.5555555555555555,0.7777777777777777,0.4444444444444444,True,True,True,qwen,ab4fc345e8c0a7fd154c2244fb56c9ca8dd3a590ea2bfe20b17dfed9a860db12_SD35,0.3333333333333333,0.9999999999999998,1.0
ab4fc345e8c0a7fd154c2244fb56c9ca8dd3a590ea2bfe20b17dfed9a860db12,Japan,etiquette,0.5,0.6666666666666666,0.3333333333333333,0.16666666666666666,0.3333333333333333,0.3333333333333333,0.1111111111111111,0.3333333333333333,0.5555555555555555,0.7777777777777777,0.4444444444444444,True,True,True,smol,ab4fc345e8c0a7fd154c2244fb56c9ca8dd3a590ea2bfe20b17dfed9a860db12_SD35,0.6666666666666666,0.5793801642856949,1.0
9b66059a36a2c4c1ac6d9f3917ee4864fc1a4c5e6b5b371c5505fd32d59db076,Japan,greetings,0.6111111111111112,0.8333333333333334,0.5,0.22222222222222224,0.3333333333333333,0.3333333333333333,0.3333333333333333,0.3333333333333333,0.4444444444444444,0.4444444444444444,0.4444444444444445,True,True,True,qwen,9b66059a36a2c4c1ac6d9f3917ee4864fc1a4c5e6b5b371c5505fd32d59db076_SD35,0.3333333333333333,0.9999999999999998,1.0
9b66059a36a2c4c1ac6d9f3917ee4864fc1a4c5e6b5b371c5505fd32d59db076,Japan,greetings,0.6111111111111112,0.8333333333333334,0.5,0.22222222222222224,0.3333333333333333,0.3333333333333333,0.3333333333333333,0.3333333333333333,0.4444444444444444,0.4444444444444444,0.4444444444444445,True,True,True,smol,9b66059a36a2c4c1ac6d9f3917ee4864fc1a4c5e6b5b371c5505fd32d59db076_SD35,0.3333333333333333,0.9999999999999998,1.0
112d88c59cf543d5e7e443770b26440ea7128c150de8cb1e4fa90ae8d953f544,Japan,etiquette,0.5,0.5,0.0,0.0,0.0,0.0,0.3333333333333333,0.3333333333333333,0.7777777777777777,0.6666666666666666,0.3055555555555556,False,True,True,qwen,112d88c59cf543d5e7e443770b26440ea7128c150de8cb1e4fa90ae8d953f544_SD35,0.3333333333333333,0.9999999999999998,1.0
112d88c59cf543d5e7e443770b26440ea7128c150de8cb1e4fa90ae8d953f544,Japan,etiquette,0.5,0.5,0.0,0.0,0.0,0.0,0.3333333333333333,0.3333333333333333,0.7777777777777777,0.6666666666666666,0.3055555555555556,False,True,True,smol,112d88c59cf543d5e7e443770b26440ea7128c150de8cb1e4fa90ae8d953f544_SD35,0.3333333333333333,0.9999999999999998,1.0
01aafbf642fb6c6eb99e1c475c0621b0cc5a51ce4bee836f3f85dbef7572b74a,Japan,family,0.5,0.8333333333333334,0.5,0.3333333333333333,0.6666666666666666,0.6666666666666666,0.2222222222222222,0.7777777777777778,0.2222222222222222,0.888888888888889,0.5277777777777778,True,True,True,qwen,01aafbf642fb6c6eb99e1c475c0621b0cc5a51ce4bee836f3f85dbef7572b74a_gpt-image,1.0,-0.0,0.0
01aafbf642fb6c6eb99e1c475c0621b0cc5a51ce4bee836f3f85dbef7572b74a,Japan,family,0.5,0.8333333333333334,0.5,0.3333333333333333,0.6666666666666666,0.6666666666666666,0.2222222222222222,0.7777777777777778,0.2222222222222222,0.888888888888889,0.5277777777777778,True,True,True,smol,01aafbf642fb6c6eb99e1c475c0621b0cc5a51ce4bee836f3f85dbef7572b74a_flux,0.6666666666666666,0.5793801642856949,1.0
b0494979ebaa7639198e1741792df06eb3b4fdce9211019f1f3c0b141fab532a,Japan,family,0.6666666666666667,1.0,0.6666666666666667,0.33333333333333337,0.5,0.5,0.08333333333333333,0.16666666666666666,0.5,0.8541666666666667,0.4895833333333333,True,True,True,qwen,b0494979ebaa7639198e1741792df06eb3b4fdce9211019f1f3c0b141fab532a_gpt-image,0.6666666666666666,0.4591479170272447,1.0
b0494979ebaa7639198e1741792df06eb3b4fdce9211019f1f3c0b141fab532a,Japan,family,0.6666666666666667,1.0,0.6666666666666667,0.33333333333333337,0.5,0.5,0.08333333333333333,0.16666666666666666,0.5,0.8541666666666667,0.4895833333333333,True,True,True,smol,b0494979ebaa7639198e1741792df06eb3b4fdce9211019f1f3c0b141fab532a_flux,0.3333333333333333,0.792481250360578,1.0
b7069b10e441ed3aa4b9253e4b26f61265ad9082a085ad6c1abfa650d409a3f7,Japan,dates-of-significance,0.7222222222222223,1.0,0.6666666666666667,0.2777777777777778,0.3333333333333333,0.3333333333333333,0.2222222222222222,0.2222222222222222,0.2222222222222222,0.6666666666666666,0.6388888888888888,True,True,True,qwen,b7069b10e441ed3aa4b9253e4b26f61265ad9082a085ad6c1abfa650d409a3f7_gpt-image,0.6666666666666666,0.5793801642856949,1.0
b7069b10e441ed3aa4b9253e4b26f61265ad9082a085ad6c1abfa650d409a3f7,Japan,dates-of-significance,0.7222222222222223,1.0,0.6666666666666667,0.2777777777777778,0.3333333333333333,0.3333333333333333,0.2222222222222222,0.2222222222222222,0.2222222222222222,0.6666666666666666,0.6388888888888888,True,True,True,smol,b7069b10e441ed3aa4b9253e4b26f61265ad9082a085ad6c1abfa650d409a3f7_gpt-image,1.0,-0.0,0.0
42bee5d7dd59b9d2dbafc0520303d97f38a785b7fe7413c1d0952cf666e0495a,Japan,family,0.8750000000000001,1.0,0.16666666666666663,0.12499999999999997,0.75,0.0,0.08333333333333333,0.08333333333333333,0.16666666666666666,0.7083333333333334,0.7500000000000001,True,True,True,qwen,42bee5d7dd59b9d2dbafc0520303d97f38a785b7fe7413c1d0952cf666e0495a_gpt-image,1.0,-0.0,0.0
42bee5d7dd59b9d2dbafc0520303d97f38a785b7fe7413c1d0952cf666e0495a,Japan,family,0.8750000000000001,1.0,0.16666666666666663,0.12499999999999997,0.75,0.0,0.08333333333333333,0.08333333333333333,0.16666666666666666,0.7083333333333334,0.7500000000000001,True,True,True,smol,42bee5d7dd59b9d2dbafc0520303d97f38a785b7fe7413c1d0952cf666e0495a_SD35,0.3333333333333333,0.792481250360578,1.0
c8fbb75453be42882d0fd05d1381e8191cbacb7c684cd2986fa589a4739861f0,Japan,dates-of-significance,0.5833333333333334,1.0,0.8333333333333334,0.41666666666666663,0.5,0.5,0.25,0.25,0.49999999999999994,0.875,0.5625,True,True,True,qwen,c8fbb75453be42882d0fd05d1381e8191cbacb7c684cd2986fa589a4739861f0_SD35,0.3333333333333333,0.792481250360578,1.0
c8fbb75453be42882d0fd05d1381e8191cbacb7c684cd2986fa589a4739861f0,Japan,dates-of-significance,0.5833333333333334,1.0,0.8333333333333334,0.41666666666666663,0.5,0.5,0.25,0.25,0.49999999999999994,0.875,0.5625,True,True,True,smol,c8fbb75453be42882d0fd05d1381e8191cbacb7c684cd2986fa589a4739861f0_SD35,0.6666666666666666,0.4591479170272447,1.0
4cca5be56b2c88d32b9a94d09a5c05d217f4c84e9b187d32f11f8ee3a18d3240,Japan,etiquette,0.4375,0.6666666666666666,0.41666666666666663,0.22916666666666666,0.5,0.5,0.29166666666666663,0.75,0.6666666666666666,0.8333333333333334,0.5,True,True,True,qwen,4cca5be56b2c88d32b9a94d09a5c05d217f4c84e9b187d32f11f8ee3a18d3240_gpt-image,1.0,-0.0,0.0
4cca5be56b2c88d32b9a94d09a5c05d217f4c84e9b187d32f11f8ee3a18d3240,Japan,etiquette,0.4375,0.6666666666666666,0.41666666666666663,0.22916666666666666,0.5,0.5,0.29166666666666663,0.75,0.6666666666666666,0.8333333333333334,0.5,True,True,True,smol,4cca5be56b2c88d32b9a94d09a5c05d217f4c84e9b187d32f11f8ee3a18d3240_flux,0.6666666666666666,0.4591479170272447,1.0
28ab4c591a213f0ba019914c4328865571a23e62bdce3285f8d500d07f8a55b3,Japan,etiquette,0.6145833333333333,0.6666666666666666,0.16666666666666663,0.052083333333333315,0.25,0.25,0.16666666666666666,0.375,0.5416666666666666,0.8333333333333334,0.671875,True,True,True,qwen,28ab4c591a213f0ba019914c4328865571a23e62bdce3285f8d500d07f8a55b3_SD35,0.3333333333333333,0.792481250360578,1.0
28ab4c591a213f0ba019914c4328865571a23e62bdce3285f8d500d07f8a55b3,Japan,etiquette,0.6145833333333333,0.6666666666666666,0.16666666666666663,0.052083333333333315,0.25,0.25,0.16666666666666666,0.375,0.5416666666666666,0.8333333333333334,0.671875,True,True,True,smol,28ab4c591a213f0ba019914c4328865571a23e62bdce3285f8d500d07f8a55b3_SD35,0.3333333333333333,0.792481250360578,1.0
4d4321d6935dd1a4ed3bc29839f4bb523b2583929508a6844e1e7df7f9a1122c,Japan,dates-of-significance,0.5833333333333334,1.0,0.8333333333333334,0.41666666666666663,0.5,0.5,0.25,0.3333333333333333,0.25,0.875,0.5625,True,True,True,qwen,4d4321d6935dd1a4ed3bc29839f4bb523b2583929508a6844e1e7df7f9a1122c_gpt-image,0.6666666666666666,0.4591479170272447,1.0
4d4321d6935dd1a4ed3bc29839f4bb523b2583929508a6844e1e7df7f9a1122c,Japan,dates-of-significance,0.5833333333333334,1.0,0.8333333333333334,0.41666666666666663,0.5,0.5,0.25,0.3333333333333333,0.25,0.875,0.5625,True,True,True,smol,4d4321d6935dd1a4ed3bc29839f4bb523b2583929508a6844e1e7df7f9a1122c_flux,0.6666666666666666,0.4591479170272447,1.0
d49e56e9059d6439e612fc2f32b10b045d8a9d39ee7ea4288ccec221bb0e2984,Japan,greetings,0.40277777777777773,0.6666666666666666,0.5,0.2638888888888889,0.6666666666666666,0.3333333333333333,0.3611111111111111,0.49999999999999994,0.6944444444444443,0.5833333333333334,0.34027777777777785,True,True,True,qwen,d49e56e9059d6439e612fc2f32b10b045d8a9d39ee7ea4288ccec221bb0e2984_gpt-image,1.0,-0.0,0.0
d49e56e9059d6439e612fc2f32b10b045d8a9d39ee7ea4288ccec221bb0e2984,Japan,greetings,0.40277777777777773,0.6666666666666666,0.5,0.2638888888888889,0.6666666666666666,0.3333333333333333,0.3611111111111111,0.49999999999999994,0.6944444444444443,0.5833333333333334,0.34027777777777785,True,True,True,smol,d49e56e9059d6439e612fc2f32b10b045d8a9d39ee7ea4288ccec221bb0e2984_SD35,0.3333333333333333,0.9999999999999998,1.0
c89b4939f1c408fef772d7a8fb848828198c12c121632de0e6c58a3ae1202048,Japan,etiquette,0.375,0.8333333333333334,0.8333333333333334,0.45833333333333337,0.5,0.5,0.37499999999999994,0.75,0.37499999999999994,0.875,0.4166666666666667,True,True,True,qwen,c89b4939f1c408fef772d7a8fb848828198c12c121632de0e6c58a3ae1202048_SD35,0.3333333333333333,0.792481250360578,1.0
c89b4939f1c408fef772d7a8fb848828198c12c121632de0e6c58a3ae1202048,Japan,etiquette,0.375,0.8333333333333334,0.8333333333333334,0.45833333333333337,0.5,0.5,0.37499999999999994,0.75,0.37499999999999994,0.875,0.4166666666666667,True,True,True,smol,c89b4939f1c408fef772d7a8fb848828198c12c121632de0e6c58a3ae1202048_SD35,0.6666666666666666,0.4591479170272447,1.0
7eb7217566974a6e9eb17eb82678c9e17bd603fe943f19aebc8f4e4f55bf1a5a,Japan,religion,0.7777777777777778,1.0,0.5,0.2222222222222222,0.3333333333333333,0.3333333333333333,0.2222222222222222,0.2222222222222222,0.3333333333333333,0.6666666666666666,0.5555555555555556,True,True,True,qwen,7eb7217566974a6e9eb17eb82678c9e17bd603fe943f19aebc8f4e4f55bf1a5a_gpt-image,1.0,-0.0,0.0
7eb7217566974a6e9eb17eb82678c9e17bd603fe943f19aebc8f4e4f55bf1a5a,Japan,religion,0.7777777777777778,1.0,0.5,0.2222222222222222,0.3333333333333333,0.3333333333333333,0.2222222222222222,0.2222222222222222,0.3333333333333333,0.6666666666666666,0.5555555555555556,True,True,True,smol,7eb7217566974a6e9eb17eb82678c9e17bd603fe943f19aebc8f4e4f55bf1a5a_SD35,0.3333333333333333,0.9999999999999998,1.0
9359e308646cd7f04cf464c1a16d4f7980388fabda04622daa14c18f0d58eef6,Poland,dates-of-significance,0.8333333333333334,1.0,0.33333333333333337,0.16666666666666666,0.3333333333333333,0.3333333333333333,0.1111111111111111,0.1111111111111111,0.3333333333333333,1.0,0.7916666666666666,True,True,True,qwen,9359e308646cd7f04cf464c1a16d4f7980388fabda04622daa14c18f0d58eef6_gpt-image,1.0,-0.0,0.0
9359e308646cd7f04cf464c1a16d4f7980388fabda04622daa14c18f0d58eef6,Poland,dates-of-significance,0.8333333333333334,1.0,0.33333333333333337,0.16666666666666666,0.3333333333333333,0.3333333333333333,0.1111111111111111,0.1111111111111111,0.3333333333333333,1.0,0.7916666666666666,True,True,True,smol,9359e308646cd7f04cf464c1a16d4f7980388fabda04622daa14c18f0d58eef6_SD35,0.3333333333333333,0.9999999999999998,1.0
d444647f32a77c90c071cf434842f4d861e7a705cc606cac597e2d4dfa8e9749,Poland,etiquette,0.4791666666666667,1.0,1.0,0.5208333333333334,0.5,0.5,0.20833333333333331,0.5625,0.3958333333333333,0.6875,0.484375,True,True,True,qwen,d444647f32a77c90c071cf434842f4d861e7a705cc606cac597e2d4dfa8e9749_gpt-image,1.0,-0.0,0.0
d444647f32a77c90c071cf434842f4d861e7a705cc606cac597e2d4dfa8e9749,Poland,etiquette,0.4791666666666667,1.0,1.0,0.5208333333333334,0.5,0.5,0.20833333333333331,0.5625,0.3958333333333333,0.6875,0.484375,True,True,True,smol,d444647f32a77c90c071cf434842f4d861e7a705cc606cac597e2d4dfa8e9749_SD35,0.3333333333333333,0.792481250360578,1.0
3fbc4f194d217b8c20e75999ebce89439dbf0259de68b9116b9330e2ef2cedf1,Poland,etiquette,0.6145833333333334,0.8333333333333334,0.45833333333333337,0.21875000000000003,0.5,0.5,0.0,0.5208333333333333,0.0,0.6875,0.578125,True,False,False,qwen,3fbc4f194d217b8c20e75999ebce89439dbf0259de68b9116b9330e2ef2cedf1_imagegen3,0.6666666666666666,0.4591479170272447,1.0
93ded950ad5833c7a05e4cc78c52811ea5308758bf688cedbc6e42979c09ca63,Poland,dates-of-significance,0.75,1.0,0.5,0.25,0.5,0.5,0.0,0.41666666666666663,0.25,0.8333333333333334,0.6041666666666667,True,True,False,qwen,93ded950ad5833c7a05e4cc78c52811ea5308758bf688cedbc6e42979c09ca63_gpt-image,0.6666666666666666,0.4591479170272447,1.0
93ded950ad5833c7a05e4cc78c52811ea5308758bf688cedbc6e42979c09ca63,Poland,dates-of-significance,0.75,1.0,0.5,0.25,0.5,0.5,0.0,0.41666666666666663,0.25,0.8333333333333334,0.6041666666666667,True,True,False,smol,93ded950ad5833c7a05e4cc78c52811ea5308758bf688cedbc6e42979c09ca63_gpt-image,0.6666666666666666,0.4591479170272447,1.0
d0e25445d7307eaf60731d04605263d3733256d615666679b8ee9e8afb4fa6a5,Poland,family,0.6666666666666666,0.8333333333333334,0.33333333333333337,0.1666666666666667,0.3333333333333333,0.3333333333333333,0.2222222222222222,0.5555555555555555,0.3333333333333333,0.7222222222222222,0.6388888888888888,True,True,True,qwen,d0e25445d7307eaf60731d04605263d3733256d615666679b8ee9e8afb4fa6a5_gpt-image,0.6666666666666666,0.5793801642856949,1.0
d0e25445d7307eaf60731d04605263d3733256d615666679b8ee9e8afb4fa6a5,Poland,family,0.6666666666666666,0.8333333333333334,0.33333333333333337,0.1666666666666667,0.3333333333333333,0.3333333333333333,0.2222222222222222,0.5555555555555555,0.3333333333333333,0.7222222222222222,0.6388888888888888,True,True,True,smol,d0e25445d7307eaf60731d04605263d3733256d615666679b8ee9e8afb4fa6a5_SD35,0.3333333333333333,0.9999999999999998,1.0
1753d55ffd50221fb0046cc3fd62fb2147286673fc48b928201281d202c82cd5,Poland,dates-of-significance,0.8333333333333334,1.0,0.5,0.16666666666666666,0.3333333333333333,0.3333333333333333,0.1111111111111111,0.2222222222222222,0.0,0.888888888888889,0.75,True,False,True,qwen,1753d55ffd50221fb0046cc3fd62fb2147286673fc48b928201281d202c82cd5_flux,0.6666666666666666,0.5793801642856949,1.0
1753d55ffd50221fb0046cc3fd62fb2147286673fc48b928201281d202c82cd5,Poland,dates-of-significance,0.8333333333333334,1.0,0.5,0.16666666666666666,0.3333333333333333,0.3333333333333333,0.1111111111111111,0.2222222222222222,0.0,0.888888888888889,0.75,True,False,True,smol,1753d55ffd50221fb0046cc3fd62fb2147286673fc48b928201281d202c82cd5_SD35,0.3333333333333333,0.9999999999999998,1.0
6dbae5f7798b1eec1a8d839108929c9729d285891494f2036e32d8aa638a915d,Poland,dates-of-significance,0.9444444444444445,1.0,0.16666666666666663,0.055555555555555546,0.3333333333333333,0.3333333333333333,0.1111111111111111,0.1111111111111111,0.0,0.7777777777777778,0.75,True,False,True,qwen,6dbae5f7798b1eec1a8d839108929c9729d285891494f2036e32d8aa638a915d_gpt-image,1.0,-0.0,0.0
6dbae5f7798b1eec1a8d839108929c9729d285891494f2036e32d8aa638a915d,Poland,dates-of-significance,0.9444444444444445,1.0,0.16666666666666663,0.055555555555555546,0.3333333333333333,0.3333333333333333,0.1111111111111111,0.1111111111111111,0.0,0.7777777777777778,0.75,True,False,True,smol,6dbae5f7798b1eec1a8d839108929c9729d285891494f2036e32d8aa638a915d_gpt-image,0.6666666666666666,0.5793801642856949,1.0
36862daf9d98d9ca18a567508f3a3d6d016e935c9fc07ca46790060815a15851,Poland,family,0.8958333333333334,1.0,0.25,0.10416666666666666,0.5,0.5,0.0,0.0,0.20833333333333331,0.9583333333333334,0.8541666666666666,False,True,False,qwen,36862daf9d98d9ca18a567508f3a3d6d016e935c9fc07ca46790060815a15851_gpt-image,1.0,-0.0,0.0
36862daf9d98d9ca18a567508f3a3d6d016e935c9fc07ca46790060815a15851,Poland,family,0.8958333333333334,1.0,0.25,0.10416666666666666,0.5,0.5,0.0,0.0,0.20833333333333331,0.9583333333333334,0.8541666666666666,False,True,False,smol,36862daf9d98d9ca18a567508f3a3d6d016e935c9fc07ca46790060815a15851_flux,0.6666666666666666,0.4591479170272447,1.0
cf4b57473b4f5eff3b26ff918ffdcc47eaabfbf5f0b95dcb4fa5506840592cf7,Poland,religion,0.7777777777777777,1.0,0.33333333333333337,0.22222222222222224,0.6666666666666666,0.6666666666666666,0.3333333333333333,0.2222222222222222,0.2222222222222222,0.888888888888889,0.611111111111111,True,True,True,qwen,cf4b57473b4f5eff3b26ff918ffdcc47eaabfbf5f0b95dcb4fa5506840592cf7_SD35,1.0,-0.0,0.0
cf4b57473b4f5eff3b26ff918ffdcc47eaabfbf5f0b95dcb4fa5506840592cf7,Poland,religion,0.7777777777777777,1.0,0.33333333333333337,0.22222222222222224,0.6666666666666666,0.6666666666666666,0.3333333333333333,0.2222222222222222,0.2222222222222222,0.888888888888889,0.611111111111111,True,True,True,smol,cf4b57473b4f5eff3b26ff918ffdcc47eaabfbf5f0b95dcb4fa5506840592cf7_flux,0.6666666666666666,0.5793801642856949,1.0
9baa9a8d1a7e3d82a1192d38af74c1b51679cda0a846dbecd839000f0d2fb5dc,Poland,greetings,0.4375,0.8333333333333334,0.6666666666666667,0.39583333333333337,0.5,0.5,0.125,0.5,0.41666666666666663,0.8125,0.45833333333333337,True,True,True,qwen,9baa9a8d1a7e3d82a1192d38af74c1b51679cda0a846dbecd839000f0d2fb5dc_SD35,0.3333333333333333,0.792481250360578,1.0
9baa9a8d1a7e3d82a1192d38af74c1b51679cda0a846dbecd839000f0d2fb5dc,Poland,greetings,0.4375,0.8333333333333334,0.6666666666666667,0.39583333333333337,0.5,0.5,0.125,0.5,0.41666666666666663,0.8125,0.45833333333333337,True,True,True,smol,9baa9a8d1a7e3d82a1192d38af74c1b51679cda0a846dbecd839000f0d2fb5dc_SD35,0.3333333333333333,0.792481250360578,1.0
ced8b4a0bc23b8b4c9beb61fa2df034f796936e8963f3411b22c7400678a1ef7,Poland,etiquette,0.71875,0.875,0.375,0.15625,0.5,0.5,0.20833333333333331,0.49999999999999994,0.3125,0.9375,0.6614583333333334,True,True,True,qwen,ced8b4a0bc23b8b4c9beb61fa2df034f796936e8963f3411b22c7400678a1ef7_SD35,0.3333333333333333,0.792481250360578,1.0
ced8b4a0bc23b8b4c9beb61fa2df034f796936e8963f3411b22c7400678a1ef7,Poland,etiquette,0.71875,0.875,0.375,0.15625,0.5,0.5,0.20833333333333331,0.49999999999999994,0.3125,0.9375,0.6614583333333334,True,True,True,smol,ced8b4a0bc23b8b4c9beb61fa2df034f796936e8963f3411b22c7400678a1ef7_SD35,0.3333333333333333,0.792481250360578,1.0
39897a11ec39a033054599afd50da9694d271968b3d3ad1fc22792dd5128ba49,Poland,dates-of-significance,0.8333333333333334,1.0,0.5,0.16666666666666666,0.25,0.25,0.16666666666666666,0.25,0.08333333333333333,0.8750000000000001,0.6041666666666666,True,True,True,qwen,39897a11ec39a033054599afd50da9694d271968b3d3ad1fc22792dd5128ba49_gpt-image,0.6666666666666666,0.4591479170272447,1.0
39897a11ec39a033054599afd50da9694d271968b3d3ad1fc22792dd5128ba49,Poland,dates-of-significance,0.8333333333333334,1.0,0.5,0.16666666666666666,0.25,0.25,0.16666666666666666,0.25,0.08333333333333333,0.8750000000000001,0.6041666666666666,True,True,True,smol,39897a11ec39a033054599afd50da9694d271968b3d3ad1fc22792dd5128ba49_flux,0.6666666666666666,0.4591479170272447,1.0
61d67c1468edc5bfae38fae01870b3703ef7832f05d2707a8faaff957fcf0008,Poland,dates-of-significance,0.7083333333333333,1.0,0.5,0.2916666666666667,0.75,0.25,0.0,0.5,0.16666666666666666,0.875,0.6875,True,True,False,qwen,61d67c1468edc5bfae38fae01870b3703ef7832f05d2707a8faaff957fcf0008_gpt-image,1.0,-0.0,0.0
61d67c1468edc5bfae38fae01870b3703ef7832f05d2707a8faaff957fcf0008,Poland,dates-of-significance,0.7083333333333333,1.0,0.5,0.2916666666666667,0.75,0.25,0.0,0.5,0.16666666666666666,0.875,0.6875,True,True,False,smol,61d67c1468edc5bfae38fae01870b3703ef7832f05d2707a8faaff957fcf0008_SD35,0.6666666666666666,0.4591479170272447,1.0
5c51040a71e1397bc181e67d1ed3702cee4c752bdc4ded191b6ecd4ad388661a,Poland,dates-of-significance,0.7500000000000001,0.8333333333333334,0.33333333333333337,0.08333333333333334,0.25,0.25,0.0,0.41666666666666663,0.25,0.7916666666666667,0.6458333333333333,True,True,False,qwen,5c51040a71e1397bc181e67d1ed3702cee4c752bdc4ded191b6ecd4ad388661a_imagegen3,0.6666666666666666,0.4591479170272447,1.0
5c51040a71e1397bc181e67d1ed3702cee4c752bdc4ded191b6ecd4ad388661a,Poland,dates-of-significance,0.7500000000000001,0.8333333333333334,0.33333333333333337,0.08333333333333334,0.25,0.25,0.0,0.41666666666666663,0.25,0.7916666666666667,0.6458333333333333,True,True,False,smol,5c51040a71e1397bc181e67d1ed3702cee4c752bdc4ded191b6ecd4ad388661a_flux,0.3333333333333333,0.792481250360578,1.0
0067e8fa6e9dba3bc88f82c87635eb08a1f524412033f315802a628314ee3bcc,Poland,dates-of-significance,0.8125,1.0,0.5,0.1875,0.5,0.5,0.16666666666666666,0.16666666666666666,0.20833333333333331,0.8333333333333334,0.75,True,True,True,qwen,0067e8fa6e9dba3bc88f82c87635eb08a1f524412033f315802a628314ee3bcc_SD35,0.3333333333333333,0.792481250360578,1.0
0067e8fa6e9dba3bc88f82c87635eb08a1f524412033f315802a628314ee3bcc,Poland,dates-of-significance,0.8125,1.0,0.5,0.1875,0.5,0.5,0.16666666666666666,0.16666666666666666,0.20833333333333331,0.8333333333333334,0.75,True,True,True,smol,0067e8fa6e9dba3bc88f82c87635eb08a1f524412033f315802a628314ee3bcc_flux,0.3333333333333333,0.792481250360578,1.0
0bd56f7fa07d5a41b1ad11af34766270fc70dcf3222f3f64301dcf7822fd6260,Poland,dates-of-significance,0.9166666666666666,1.0,0.25,0.08333333333333333,0.3333333333333333,0.3333333333333333,0.0,0.0,0.16666666666666666,0.7777777777777777,0.7777777777777778,False,True,False,qwen,0bd56f7fa07d5a41b1ad11af34766270fc70dcf3222f3f64301dcf7822fd6260_SD35,0.3333333333333333,0.9999999999999998,1.0
0bd56f7fa07d5a41b1ad11af34766270fc70dcf3222f3f64301dcf7822fd6260,Poland,dates-of-significance,0.9166666666666666,1.0,0.25,0.08333333333333333,0.3333333333333333,0.3333333333333333,0.0,0.0,0.16666666666666666,0.7777777777777777,0.7777777777777778,False,True,False,smol,0bd56f7fa07d5a41b1ad11af34766270fc70dcf3222f3f64301dcf7822fd6260_SD35,0.3333333333333333,0.9999999999999998,1.0
3aea9281e66809c3198b599e9cfc3466cf0c4e3daf339d8d570815424b128135,Poland,etiquette,0.7500000000000001,1.0,0.6666666666666667,0.25,0.25,0.25,0.16666666666666666,0.25,0.25,0.7916666666666666,0.5833333333333333,True,True,True,qwen,3aea9281e66809c3198b599e9cfc3466cf0c4e3daf339d8d570815424b128135_imagegen3,1.0,-0.0,0.0
3aea9281e66809c3198b599e9cfc3466cf0c4e3daf339d8d570815424b128135,Poland,etiquette,0.7500000000000001,1.0,0.6666666666666667,0.25,0.25,0.25,0.16666666666666666,0.25,0.25,0.7916666666666666,0.5833333333333333,True,True,True,smol,3aea9281e66809c3198b599e9cfc3466cf0c4e3daf339d8d570815424b128135_gpt-image,0.6666666666666666,0.4591479170272447,1.0
876fe8efdcb049bf3c8f44cac655035aac43ed0bc9470aa24f874650d64dfc58,Poland,etiquette,0.875,1.0,0.33333333333333337,0.125,0.5,0.25,0.20833333333333331,0.25,0.0,0.8333333333333334,0.7604166666666666,True,False,True,qwen,876fe8efdcb049bf3c8f44cac655035aac43ed0bc9470aa24f874650d64dfc58_flux,0.3333333333333333,0.792481250360578,1.0
876fe8efdcb049bf3c8f44cac655035aac43ed0bc9470aa24f874650d64dfc58,Poland,etiquette,0.875,1.0,0.33333333333333337,0.125,0.5,0.25,0.20833333333333331,0.25,0.0,0.8333333333333334,0.7604166666666666,True,False,True,smol,876fe8efdcb049bf3c8f44cac655035aac43ed0bc9470aa24f874650d64dfc58_flux,0.6666666666666666,0.4591479170272447,1.0
fbedf62d4116915ca78d492f91acaacb5db02593baed2749832ce892e5cdba32,Poland,greetings,0.8333333333333334,1.0,0.5,0.16666666666666666,0.25,0.25,0.0,0.3333333333333333,0.0,0.7500000000000001,0.7083333333333334,True,False,False,qwen,fbedf62d4116915ca78d492f91acaacb5db02593baed2749832ce892e5cdba32_gpt-image,1.0,-0.0,0.0
fbedf62d4116915ca78d492f91acaacb5db02593baed2749832ce892e5cdba32,Poland,greetings,0.8333333333333334,1.0,0.5,0.16666666666666666,0.25,0.25,0.0,0.3333333333333333,0.0,0.7500000000000001,0.7083333333333334,True,False,False,smol,fbedf62d4116915ca78d492f91acaacb5db02593baed2749832ce892e5cdba32_SD35,0.3333333333333333,0.792481250360578,1.0
f48586ed89062b9fd0002fc7ac02ee42d96050fd4c2977db087ec242e16a94e4,Poland,dates-of-significance,0.6666666666666666,1.0,0.5,0.33333333333333337,0.5,0.5,0.0,0.41666666666666663,0.41666666666666663,0.7916666666666666,0.6666666666666666,True,True,False,qwen,f48586ed89062b9fd0002fc7ac02ee42d96050fd4c2977db087ec242e16a94e4_imagegen3,0.6666666666666666,0.4591479170272447,1.0
f48586ed89062b9fd0002fc7ac02ee42d96050fd4c2977db087ec242e16a94e4,Poland,dates-of-significance,0.6666666666666666,1.0,0.5,0.33333333333333337,0.5,0.5,0.0,0.41666666666666663,0.41666666666666663,0.7916666666666666,0.6666666666666666,True,True,False,smol,f48586ed89062b9fd0002fc7ac02ee42d96050fd4c2977db087ec242e16a94e4_SD35,0.3333333333333333,0.792481250360578,1.0
506d9329166e0a0015b4022d7f42619db67c8bdea5c7eda087ab054bd07bab2a,Poland,religion,0.5208333333333334,0.8333333333333334,0.6666666666666667,0.3125,0.5,0.5,0.0,0.5416666666666666,0.25,0.7916666666666667,0.4895833333333333,True,True,False,qwen,506d9329166e0a0015b4022d7f42619db67c8bdea5c7eda087ab054bd07bab2a_gpt-image,1.0,-0.0,0.0
506d9329166e0a0015b4022d7f42619db67c8bdea5c7eda087ab054bd07bab2a,Poland,religion,0.5208333333333334,0.8333333333333334,0.6666666666666667,0.3125,0.5,0.5,0.0,0.5416666666666666,0.25,0.7916666666666667,0.4895833333333333,True,True,False,smol,506d9329166e0a0015b4022d7f42619db67c8bdea5c7eda087ab054bd07bab2a_flux,0.6666666666666666,0.4591479170272447,1.0
6c1cbc022e65fcd64953688120e81654697adc893e3c157cc52951aa803fbdd8,Poland,dates-of-significance,0.6666666666666666,0.8333333333333334,0.33333333333333337,0.1666666666666667,0.3333333333333333,0.3333333333333333,0.1111111111111111,0.3333333333333333,0.3333333333333333,0.9444444444444445,0.7222222222222222,True,False,True,qwen,6c1cbc022e65fcd64953688120e81654697adc893e3c157cc52951aa803fbdd8_gpt-image,0.6666666666666666,0.5793801642856949,1.0
6c1cbc022e65fcd64953688120e81654697adc893e3c157cc52951aa803fbdd8,Poland,dates-of-significance,0.6666666666666666,0.8333333333333334,0.33333333333333337,0.1666666666666667,0.3333333333333333,0.3333333333333333,0.1111111111111111,0.3333333333333333,0.3333333333333333,0.9444444444444445,0.7222222222222222,True,False,True,smol,6c1cbc022e65fcd64953688120e81654697adc893e3c157cc52951aa803fbdd8_flux,0.6666666666666666,0.5793801642856949,1.0
38980eae0b653d970fcf8099f9165b42758f37f51ace54213d14db342e459870,Poland,religion,0.5416666666666666,0.6666666666666666,0.3333333333333333,0.12499999999999999,0.5,0.25,0.25,0.5833333333333333,0.25,0.5833333333333333,0.4375,True,True,True,qwen,38980eae0b653d970fcf8099f9165b42758f37f51ace54213d14db342e459870_gpt-image,0.6666666666666666,0.4591479170272447,1.0
38980eae0b653d970fcf8099f9165b42758f37f51ace54213d14db342e459870,Poland,religion,0.5416666666666666,0.6666666666666666,0.3333333333333333,0.12499999999999999,0.5,0.25,0.25,0.5833333333333333,0.25,0.5833333333333333,0.4375,True,True,True,smol,38980eae0b653d970fcf8099f9165b42758f37f51ace54213d14db342e459870_flux,0.6666666666666666,0.4591479170272447,1.0
f6f8d8df15694c4e474461a9d2a95dab9363254a7f54b5be294bb5eeea8267e7,Poland,family,0.7916666666666666,1.0,0.33333333333333337,0.20833333333333334,0.5,0.5,0.25,0.25,0.08333333333333333,0.875,0.75,True,True,True,qwen,f6f8d8df15694c4e474461a9d2a95dab9363254a7f54b5be294bb5eeea8267e7_imagegen3,1.0,-0.0,0.0
f6f8d8df15694c4e474461a9d2a95dab9363254a7f54b5be294bb5eeea8267e7,Poland,family,0.7916666666666666,1.0,0.33333333333333337,0.20833333333333334,0.5,0.5,0.25,0.25,0.08333333333333333,0.875,0.75,True,True,True,smol,f6f8d8df15694c4e474461a9d2a95dab9363254a7f54b5be294bb5eeea8267e7_SD35,0.3333333333333333,0.792481250360578,1.0
eb848babbe0cc7e79ca61d81139ab0043c1d250d36ef965bab56a569d17dd196,Poland,dates-of-significance,0.6666666666666666,1.0,0.5,0.3333333333333333,0.6666666666666666,0.6666666666666666,0.3333333333333333,0.38888888888888884,0.16666666666666666,0.7361111111111112,0.5416666666666666,True,True,True,qwen,eb848babbe0cc7e79ca61d81139ab0043c1d250d36ef965bab56a569d17dd196_gpt-image,1.0,-0.0,0.0
eb848babbe0cc7e79ca61d81139ab0043c1d250d36ef965bab56a569d17dd196,Poland,dates-of-significance,0.6666666666666666,1.0,0.5,0.3333333333333333,0.6666666666666666,0.6666666666666666,0.3333333333333333,0.38888888888888884,0.16666666666666666,0.7361111111111112,0.5416666666666666,True,True,True,smol,eb848babbe0cc7e79ca61d81139ab0043c1d250d36ef965bab56a569d17dd196_flux,0.6666666666666666,0.5793801642856949,1.0
bf54cc9fcf0e2e05f9a4d4984f35b758bb3ec409a15be5079222d63968081c43,Poland,greetings,0.8333333333333333,1.0,0.6666666666666667,0.16666666666666669,0.25,0.25,0.0,0.25,0.08333333333333333,0.7083333333333334,0.75,True,True,False,qwen,bf54cc9fcf0e2e05f9a4d4984f35b758bb3ec409a15be5079222d63968081c43_gpt-image,1.0,-0.0,0.0
bf54cc9fcf0e2e05f9a4d4984f35b758bb3ec409a15be5079222d63968081c43,Poland,greetings,0.8333333333333333,1.0,0.6666666666666667,0.16666666666666669,0.25,0.25,0.0,0.25,0.08333333333333333,0.7083333333333334,0.75,True,True,False,smol,bf54cc9fcf0e2e05f9a4d4984f35b758bb3ec409a15be5079222d63968081c43_SD35,0.3333333333333333,0.792481250360578,1.0
a2769862ed395ffa891346f55c5aa3d4212e470b94789e1c0c4c39551313005f,Poland,greetings,0.45833333333333337,0.8333333333333334,0.8333333333333334,0.37500000000000006,0.5,0.5,0.08333333333333333,0.75,0.0,0.75,0.4375,True,False,True,qwen,a2769862ed395ffa891346f55c5aa3d4212e470b94789e1c0c4c39551313005f_gpt-image,1.0,-0.0,0.0
a2769862ed395ffa891346f55c5aa3d4212e470b94789e1c0c4c39551313005f,Poland,greetings,0.45833333333333337,0.8333333333333334,0.8333333333333334,0.37500000000000006,0.5,0.5,0.08333333333333333,0.75,0.0,0.75,0.4375,True,False,True,smol,a2769862ed395ffa891346f55c5aa3d4212e470b94789e1c0c4c39551313005f_SD35,0.3333333333333333,0.792481250360578,1.0
11e6e030f43994dac0606bd8524dd2bb686a244c99c1fded4b801946dd5a2101,Poland,religion,0.5,1.0,0.8333333333333334,0.5,0.6666666666666666,0.6666666666666666,0.0,0.6666666666666666,0.2222222222222222,0.6666666666666666,0.4444444444444444,True,True,False,qwen,11e6e030f43994dac0606bd8524dd2bb686a244c99c1fded4b801946dd5a2101_SD35,1.0,-0.0,0.0
2c7985cbd351f796a9830621963db34064b6671740d5496af804fead488c0667,Poland,dates-of-significance,0.6666666666666666,0.8333333333333334,0.33333333333333337,0.1666666666666667,0.25,0.25,0.0,0.5,0.41666666666666663,0.7500000000000001,0.6458333333333334,True,True,False,qwen,2c7985cbd351f796a9830621963db34064b6671740d5496af804fead488c0667_gpt-image,1.0,-0.0,0.0
2c7985cbd351f796a9830621963db34064b6671740d5496af804fead488c0667,Poland,dates-of-significance,0.6666666666666666,0.8333333333333334,0.33333333333333337,0.1666666666666667,0.25,0.25,0.0,0.5,0.41666666666666663,0.7500000000000001,0.6458333333333334,True,True,False,smol,2c7985cbd351f796a9830621963db34064b6671740d5496af804fead488c0667_gpt-image,0.6666666666666666,0.4591479170272447,1.0
49119cc27d728830c560f7ff0dd62996516f2435e2ab53a6636f7098bb3440e4,Poland,greetings,0.7777777777777778,0.8333333333333334,0.16666666666666674,0.05555555555555558,0.3333333333333333,0.3333333333333333,0.1111111111111111,0.1111111111111111,0.2222222222222222,0.9444444444444445,0.7777777777777778,True,True,True,qwen,49119cc27d728830c560f7ff0dd62996516f2435e2ab53a6636f7098bb3440e4_SD35,0.3333333333333333,0.9999999999999998,1.0
49119cc27d728830c560f7ff0dd62996516f2435e2ab53a6636f7098bb3440e4,Poland,greetings,0.7777777777777778,0.8333333333333334,0.16666666666666674,0.05555555555555558,0.3333333333333333,0.3333333333333333,0.1111111111111111,0.1111111111111111,0.2222222222222222,0.9444444444444445,0.7777777777777778,True,True,True,smol,49119cc27d728830c560f7ff0dd62996516f2435e2ab53a6636f7098bb3440e4_gpt-image,0.6666666666666666,0.5793801642856949,1.0
fe4741c1a07609da0f679d03499e150ed56c6a5189d35cf91a06c7c82a7a4fc2,South_Africa,etiquette,0.8333333333333333,1.0,0.33333333333333337,0.16666666666666669,0.5,0.5,0.0,0.25,0.16666666666666666,0.8333333333333334,0.71875,True,True,False,qwen,fe4741c1a07609da0f679d03499e150ed56c6a5189d35cf91a06c7c82a7a4fc2_SD35,0.6666666666666666,0.4591479170272447,1.0
fe4741c1a07609da0f679d03499e150ed56c6a5189d35cf91a06c7c82a7a4fc2,South_Africa,etiquette,0.8333333333333333,1.0,0.33333333333333337,0.16666666666666669,0.5,0.5,0.0,0.25,0.16666666666666666,0.8333333333333334,0.71875,True,True,False,smol,fe4741c1a07609da0f679d03499e150ed56c6a5189d35cf91a06c7c82a7a4fc2_SD35,0.3333333333333333,0.792481250360578,1.0
9fe9aff7b69e522d6c5edfea6ad28dc37e00e84b78e25d23074b2ccd1357bd06,South_Africa,greetings,0.7222222222222222,1.0,0.5,0.2777777777777778,0.6666666666666666,0.6666666666666666,0.1111111111111111,0.3333333333333333,0.0,0.6666666666666666,0.6666666666666666,True,False,True,qwen,9fe9aff7b69e522d6c5edfea6ad28dc37e00e84b78e25d23074b2ccd1357bd06_imagegen3,0.6666666666666666,0.5793801642856949,1.0
9fe9aff7b69e522d6c5edfea6ad28dc37e00e84b78e25d23074b2ccd1357bd06,South_Africa,greetings,0.7222222222222222,1.0,0.5,0.2777777777777778,0.6666666666666666,0.6666666666666666,0.1111111111111111,0.3333333333333333,0.0,0.6666666666666666,0.6666666666666666,True,False,True,smol,9fe9aff7b69e522d6c5edfea6ad28dc37e00e84b78e25d23074b2ccd1357bd06_SD35,1.0,-0.0,0.0
c8d15ab531696d09eabfda6580241e6f2cc7777aed6477bbaf8d87f938d77105,South_Africa,etiquette,0.8333333333333334,1.0,0.25,0.16666666666666666,0.5,0.5,0.08333333333333333,0.3333333333333333,0.0,0.6875,0.5833333333333333,True,False,True,qwen,c8d15ab531696d09eabfda6580241e6f2cc7777aed6477bbaf8d87f938d77105_SD35,0.3333333333333333,0.792481250360578,1.0
c8d15ab531696d09eabfda6580241e6f2cc7777aed6477bbaf8d87f938d77105,South_Africa,etiquette,0.8333333333333334,1.0,0.25,0.16666666666666666,0.5,0.5,0.08333333333333333,0.3333333333333333,0.0,0.6875,0.5833333333333333,True,False,True,smol,c8d15ab531696d09eabfda6580241e6f2cc7777aed6477bbaf8d87f938d77105_gpt-image,0.6666666666666666,0.4591479170272447,1.0
2124cd4df551b61d0b129c6f43b545014b4cbbc779e6218e3972d7f7b58c2788,South_Africa,greetings,0.7708333333333334,1.0,0.5,0.22916666666666666,0.5,0.25,0.0,0.375,0.08333333333333333,0.7083333333333334,0.5520833333333334,True,True,False,qwen,2124cd4df551b61d0b129c6f43b545014b4cbbc779e6218e3972d7f7b58c2788_gpt-image,0.6666666666666666,0.4591479170272447,1.0
2124cd4df551b61d0b129c6f43b545014b4cbbc779e6218e3972d7f7b58c2788,South_Africa,greetings,0.7708333333333334,1.0,0.5,0.22916666666666666,0.5,0.25,0.0,0.375,0.08333333333333333,0.7083333333333334,0.5520833333333334,True,True,False,smol,2124cd4df551b61d0b129c6f43b545014b4cbbc779e6218e3972d7f7b58c2788_SD35,0.6666666666666666,0.4591479170272447,1.0
1c260d5556ec4a539f2e1ddee35dce653b7b6eca4095fba37b740f4a6ae98b20,South_Africa,etiquette,0.875,1.0,0.375,0.125,0.3333333333333333,0.3333333333333333,0.1111111111111111,0.08333333333333333,0.08333333333333333,0.7083333333333334,0.8611111111111112,True,True,True,qwen,1c260d5556ec4a539f2e1ddee35dce653b7b6eca4095fba37b740f4a6ae98b20_gpt-image,0.6666666666666666,0.5793801642856949,1.0
1c260d5556ec4a539f2e1ddee35dce653b7b6eca4095fba37b740f4a6ae98b20,South_Africa,etiquette,0.875,1.0,0.375,0.125,0.3333333333333333,0.3333333333333333,0.1111111111111111,0.08333333333333333,0.08333333333333333,0.7083333333333334,0.8611111111111112,True,True,True,smol,1c260d5556ec4a539f2e1ddee35dce653b7b6eca4095fba37b740f4a6ae98b20_SD35,0.3333333333333333,0.9999999999999998,1.0
700d61400c02cc092fefa295f2c9f31ddd88d7fef4c015ef230ccaec5e9d2fa8,South_Africa,etiquette,0.9444444444444445,1.0,0.16666666666666663,0.055555555555555546,0.3333333333333333,0.3333333333333333,0.0,0.1111111111111111,0.0,0.8888888888888888,0.8333333333333334,True,False,False,qwen,700d61400c02cc092fefa295f2c9f31ddd88d7fef4c015ef230ccaec5e9d2fa8_gpt-image,0.6666666666666666,0.5793801642856949,1.0
700d61400c02cc092fefa295f2c9f31ddd88d7fef4c015ef230ccaec5e9d2fa8,South_Africa,etiquette,0.9444444444444445,1.0,0.16666666666666663,0.055555555555555546,0.3333333333333333,0.3333333333333333,0.0,0.1111111111111111,0.0,0.8888888888888888,0.8333333333333334,True,False,False,smol,700d61400c02cc092fefa295f2c9f31ddd88d7fef4c015ef230ccaec5e9d2fa8_gpt-image,0.6666666666666666,0.5793801642856949,1.0
e8b09a44dce065c857520ea3baaa13b1092bceec21834f598138f7a8ac652672,South_Africa,religion,0.7083333333333334,1.0,0.6666666666666667,0.29166666666666663,0.5,0.25,0.08333333333333333,0.25,0.25,0.7708333333333334,0.5729166666666666,True,True,True,qwen,e8b09a44dce065c857520ea3baaa13b1092bceec21834f598138f7a8ac652672_SD35,0.3333333333333333,0.792481250360578,1.0
e8b09a44dce065c857520ea3baaa13b1092bceec21834f598138f7a8ac652672,South_Africa,religion,0.7083333333333334,1.0,0.6666666666666667,0.29166666666666663,0.5,0.25,0.08333333333333333,0.25,0.25,0.7708333333333334,0.5729166666666666,True,True,True,smol,e8b09a44dce065c857520ea3baaa13b1092bceec21834f598138f7a8ac652672_SD35,0.6666666666666666,0.4591479170272447,1.0
50b9da045ae803e6b3b2613f0273786d98553633fccfcc3221c94311dd3beb1f,South_Africa,etiquette,0.625,1.0,0.6666666666666667,0.375,0.5,0.5,0.0,0.3333333333333333,0.25,0.8125,0.53125,True,True,False,qwen,50b9da045ae803e6b3b2613f0273786d98553633fccfcc3221c94311dd3beb1f_SD35,0.3333333333333333,0.792481250360578,1.0
50b9da045ae803e6b3b2613f0273786d98553633fccfcc3221c94311dd3beb1f,South_Africa,etiquette,0.625,1.0,0.6666666666666667,0.375,0.5,0.5,0.0,0.3333333333333333,0.25,0.8125,0.53125,True,True,False,smol,50b9da045ae803e6b3b2613f0273786d98553633fccfcc3221c94311dd3beb1f_SD35,0.3333333333333333,0.792481250360578,1.0
1f8a4bcd6c45cfcb7dafbbd0383025531bc0c3d177c6f19775a75136c64051f9,South_Africa,dates-of-significance,0.6944444444444445,0.8333333333333334,0.33333333333333337,0.13888888888888892,0.3333333333333333,0.3333333333333333,0.0,0.49999999999999994,0.1111111111111111,1.0,0.6666666666666666,True,True,False,qwen,1f8a4bcd6c45cfcb7dafbbd0383025531bc0c3d177c6f19775a75136c64051f9_gpt-image,1.0,-0.0,0.0
1f8a4bcd6c45cfcb7dafbbd0383025531bc0c3d177c6f19775a75136c64051f9,South_Africa,dates-of-significance,0.6944444444444445,0.8333333333333334,0.33333333333333337,0.13888888888888892,0.3333333333333333,0.3333333333333333,0.0,0.49999999999999994,0.1111111111111111,1.0,0.6666666666666666,True,True,False,smol,1f8a4bcd6c45cfcb7dafbbd0383025531bc0c3d177c6f19775a75136c64051f9_flux,0.6666666666666666,0.5793801642856949,1.0
9a81743684e6124f4a260d98a21ce17576d17b24e5b7df790b560e44aadfdb15,South_Africa,etiquette,0.47916666666666663,1.0,0.8333333333333334,0.5208333333333334,0.75,0.75,0.0,0.6875,0.4375,0.7083333333333333,0.5520833333333334,True,True,False,qwen,9a81743684e6124f4a260d98a21ce17576d17b24e5b7df790b560e44aadfdb15_gpt-image,0.6666666666666666,0.4591479170272447,1.0
9a81743684e6124f4a260d98a21ce17576d17b24e5b7df790b560e44aadfdb15,South_Africa,etiquette,0.47916666666666663,1.0,0.8333333333333334,0.5208333333333334,0.75,0.75,0.0,0.6875,0.4375,0.7083333333333333,0.5520833333333334,True,True,False,smol,9a81743684e6124f4a260d98a21ce17576d17b24e5b7df790b560e44aadfdb15_SD35,0.6666666666666666,0.4591479170272447,1.0
8a7f2bb97815d6f3b9b2ee1b7fb81fef66870a23428802a9cd70badf55c9032a,South_Africa,dates-of-significance,0.7361111111111112,1.0,0.625,0.2638888888888889,0.3333333333333333,0.3333333333333333,0.0,0.3611111111111111,0.08333333333333333,0.8472222222222223,0.625,True,True,False,qwen,8a7f2bb97815d6f3b9b2ee1b7fb81fef66870a23428802a9cd70badf55c9032a_gpt-image,1.0,-0.0,0.0
8a7f2bb97815d6f3b9b2ee1b7fb81fef66870a23428802a9cd70badf55c9032a,South_Africa,dates-of-significance,0.7361111111111112,1.0,0.625,0.2638888888888889,0.3333333333333333,0.3333333333333333,0.0,0.3611111111111111,0.08333333333333333,0.8472222222222223,0.625,True,True,False,smol,8a7f2bb97815d6f3b9b2ee1b7fb81fef66870a23428802a9cd70badf55c9032a_SD35,0.3333333333333333,0.9999999999999998,1.0
857914ec9368d9d76dba4ca8eecae479c8204095f463331575bfbb4486f5a419,South_Africa,greetings,0.9444444444444445,1.0,0.16666666666666663,0.055555555555555546,0.3333333333333333,0.3333333333333333,0.1111111111111111,0.1111111111111111,0.0,0.9444444444444445,0.7777777777777777,True,False,True,qwen,857914ec9368d9d76dba4ca8eecae479c8204095f463331575bfbb4486f5a419_imagegen3,0.6666666666666666,0.5793801642856949,1.0
857914ec9368d9d76dba4ca8eecae479c8204095f463331575bfbb4486f5a419,South_Africa,greetings,0.9444444444444445,1.0,0.16666666666666663,0.055555555555555546,0.3333333333333333,0.3333333333333333,0.1111111111111111,0.1111111111111111,0.0,0.9444444444444445,0.7777777777777777,True,False,True,smol,857914ec9368d9d76dba4ca8eecae479c8204095f463331575bfbb4486f5a419_SD35,0.3333333333333333,0.9999999999999998,1.0
8e847a9ac80ea8201a9a3906326cbe877c958fd3b0219305599ef552290ad602,South_Africa,religion,0.8333333333333334,1.0,0.33333333333333337,0.16666666666666666,0.25,0.25,0.0,0.08333333333333333,0.16666666666666666,0.6666666666666666,0.7083333333333334,True,True,False,qwen,8e847a9ac80ea8201a9a3906326cbe877c958fd3b0219305599ef552290ad602_gpt-image,0.6666666666666666,0.4591479170272447,1.0
b47da1cb2d7420cf40fc77b008a9f0489671f38847ea244abd47c98b1070e56a,South_Africa,greetings,1.0,1.0,0.0,0.0,0.0,0.0,0.0,0.0,0.0,1.0,0.9791666666666666,False,False,False,qwen,b47da1cb2d7420cf40fc77b008a9f0489671f38847ea244abd47c98b1070e56a_gpt-image,0.6666666666666666,0.4591479170272447,1.0
b47da1cb2d7420cf40fc77b008a9f0489671f38847ea244abd47c98b1070e56a,South_Africa,greetings,1.0,1.0,0.0,0.0,0.0,0.0,0.0,0.0,0.0,1.0,0.9791666666666666,False,False,False,smol,b47da1cb2d7420cf40fc77b008a9f0489671f38847ea244abd47c98b1070e56a_SD35,0.3333333333333333,0.792481250360578,1.0
5bcd8543bc2016b90984883d4121529424cca6915408e0bde6ae19841208d119,South_Africa,religion,0.7916666666666667,1.0,0.5,0.20833333333333331,0.25,0.25,0.125,0.16666666666666666,0.16666666666666666,0.875,0.7083333333333333,True,True,True,qwen,5bcd8543bc2016b90984883d4121529424cca6915408e0bde6ae19841208d119_gpt-image,0.6666666666666666,0.4591479170272447,1.0
5bcd8543bc2016b90984883d4121529424cca6915408e0bde6ae19841208d119,South_Africa,religion,0.7916666666666667,1.0,0.5,0.20833333333333331,0.25,0.25,0.125,0.16666666666666666,0.16666666666666666,0.875,0.7083333333333333,True,True,True,smol,5bcd8543bc2016b90984883d4121529424cca6915408e0bde6ae19841208d119_SD35,0.6666666666666666,0.4591479170272447,1.0
5d5b383370dc21ff304df926e498515cd1e52a9d00ebeabaca542d38601f6289,South_Africa,etiquette,0.5,0.6666666666666666,0.3333333333333333,0.16666666666666663,0.25,0.25,0.22916666666666663,0.14583333333333331,0.625,0.75,0.640625,True,True,True,qwen,5d5b383370dc21ff304df926e498515cd1e52a9d00ebeabaca542d38601f6289_gpt-image,1.0,-0.0,0.0
5d5b383370dc21ff304df926e498515cd1e52a9d00ebeabaca542d38601f6289,South_Africa,etiquette,0.5,0.6666666666666666,0.3333333333333333,0.16666666666666663,0.25,0.25,0.22916666666666663,0.14583333333333331,0.625,0.75,0.640625,True,True,True,smol,5d5b383370dc21ff304df926e498515cd1e52a9d00ebeabaca542d38601f6289_SD35,0.6666666666666666,0.4591479170272447,1.0
3435e86ff347292fb54bf90c79971e4eecf64515901f1c52b9d112b8150c0865,South_Africa,greetings,0.9166666666666667,1.0,0.16666666666666663,0.08333333333333331,0.5,0.5,0.0,0.0,0.16666666666666666,0.7916666666666667,0.8125,False,True,False,qwen,3435e86ff347292fb54bf90c79971e4eecf64515901f1c52b9d112b8150c0865_SD35,0.3333333333333333,0.792481250360578,1.0
48db2632ec4a4510162994b52015e34863484a2020cc5515de2158cbbf4c5d40,South_Africa,dates-of-significance,0.5833333333333333,0.75,0.4166666666666667,0.16666666666666669,0.5,0.5,0.20833333333333331,0.6041666666666666,0.0625,0.84375,0.49479166666666663,True,True,True,qwen,48db2632ec4a4510162994b52015e34863484a2020cc5515de2158cbbf4c5d40_imagegen3,0.6666666666666666,0.4591479170272447,1.0
48db2632ec4a4510162994b52015e34863484a2020cc5515de2158cbbf4c5d40,South_Africa,dates-of-significance,0.5833333333333333,0.75,0.4166666666666667,0.16666666666666669,0.5,0.5,0.20833333333333331,0.6041666666666666,0.0625,0.84375,0.49479166666666663,True,True,True,smol,48db2632ec4a4510162994b52015e34863484a2020cc5515de2158cbbf4c5d40_flux,0.3333333333333333,0.792481250360578,1.0
defc44b4ea49419f55181c62b4485963ba6bd25e9f33abfa48e4e60d55618f6e,South_Africa,religion,0.9270833333333334,1.0,0.16666666666666663,0.07291666666666666,0.5,0.5,0.0,0.0,0.14583333333333331,0.9375,0.8385416666666666,False,True,False,qwen,defc44b4ea49419f55181c62b4485963ba6bd25e9f33abfa48e4e60d55618f6e_SD35,0.3333333333333333,0.792481250360578,1.0
defc44b4ea49419f55181c62b4485963ba6bd25e9f33abfa48e4e60d55618f6e,South_Africa,religion,0.9270833333333334,1.0,0.16666666666666663,0.07291666666666666,0.5,0.5,0.0,0.0,0.14583333333333331,0.9375,0.8385416666666666,False,True,False,smol,defc44b4ea49419f55181c62b4485963ba6bd25e9f33abfa48e4e60d55618f6e_flux,0.6666666666666666,0.4591479170272447,1.0
3d422aef2614917a4773942ab4ac8caba1f0e99c829e78406e61977abab6d6b9,South_Africa,dates-of-significance,0.6666666666666666,1.0,0.6666666666666667,0.3333333333333333,0.3333333333333333,0.3333333333333333,0.0,0.4444444444444444,0.2222222222222222,0.8333333333333334,0.5833333333333334,True,True,False,qwen,3d422aef2614917a4773942ab4ac8caba1f0e99c829e78406e61977abab6d6b9_gpt-image,1.0,-0.0,0.0
3d422aef2614917a4773942ab4ac8caba1f0e99c829e78406e61977abab6d6b9,South_Africa,dates-of-significance,0.6666666666666666,1.0,0.6666666666666667,0.3333333333333333,0.3333333333333333,0.3333333333333333,0.0,0.4444444444444444,0.2222222222222222,0.8333333333333334,0.5833333333333334,True,True,False,smol,3d422aef2614917a4773942ab4ac8caba1f0e99c829e78406e61977abab6d6b9_SD35,0.3333333333333333,0.9999999999999998,1.0
a215c394119e6e625ad41c3aa9a121e2844dee2f69af914f8af78612b54fc11b,South_Africa,dates-of-significance,0.8125,1.0,0.33333333333333337,0.1875,0.5,0.5,0.0,0.37499999999999994,0.08333333333333333,0.7916666666666666,0.7500000000000001,True,True,False,qwen,a215c394119e6e625ad41c3aa9a121e2844dee2f69af914f8af78612b54fc11b_gpt-image,0.6666666666666666,0.4591479170272447,1.0
a215c394119e6e625ad41c3aa9a121e2844dee2f69af914f8af78612b54fc11b,South_Africa,dates-of-significance,0.8125,1.0,0.33333333333333337,0.1875,0.5,0.5,0.0,0.37499999999999994,0.08333333333333333,0.7916666666666666,0.7500000000000001,True,True,False,smol,a215c394119e6e625ad41c3aa9a121e2844dee2f69af914f8af78612b54fc11b_gpt-image,0.6666666666666666,0.4591479170272447,1.0
b2dc0c5a849073b96ca3cddb4ddd3177dd2d4a1d8e22aa0f7c2b4362174be468,South_Africa,etiquette,0.625,1.0,0.5,0.375,0.75,0.75,0.5,0.16666666666666666,0.41666666666666663,0.7916666666666666,0.5833333333333334,True,True,True,qwen,b2dc0c5a849073b96ca3cddb4ddd3177dd2d4a1d8e22aa0f7c2b4362174be468_gpt-image,0.6666666666666666,0.4591479170272447,1.0
b2dc0c5a849073b96ca3cddb4ddd3177dd2d4a1d8e22aa0f7c2b4362174be468,South_Africa,etiquette,0.625,1.0,0.5,0.375,0.75,0.75,0.5,0.16666666666666666,0.41666666666666663,0.7916666666666666,0.5833333333333334,True,True,True,smol,b2dc0c5a849073b96ca3cddb4ddd3177dd2d4a1d8e22aa0f7c2b4362174be468_flux,0.6666666666666666,0.4591479170272447,1.0
0886b911a530c68c467eacdd96798899b9d792e4eb482e10ed5972543a18bf58,South_Africa,dates-of-significance,0.5,0.8333333333333334,0.6666666666666667,0.3333333333333333,0.3333333333333333,0.3333333333333333,0.16666666666666666,0.3333333333333333,0.4444444444444444,0.638888888888889,0.625,True,True,True,qwen,0886b911a530c68c467eacdd96798899b9d792e4eb482e10ed5972543a18bf58_gpt-image,1.0,-0.0,0.0
0886b911a530c68c467eacdd96798899b9d792e4eb482e10ed5972543a18bf58,South_Africa,dates-of-significance,0.5,0.8333333333333334,0.6666666666666667,0.3333333333333333,0.3333333333333333,0.3333333333333333,0.16666666666666666,0.3333333333333333,0.4444444444444444,0.638888888888889,0.625,True,True,True,smol,0886b911a530c68c467eacdd96798899b9d792e4eb482e10ed5972543a18bf58_SD35,0.3333333333333333,0.9999999999999998,1.0
8ef14d0a36e8f235536394eb9dd4269c25f5e846ef3e3634a4a4e53df510136a,South_Africa,etiquette,0.888888888888889,1.0,0.16666666666666663,0.11111111111111109,0.6666666666666666,0.6666666666666666,0.0,0.2222222222222222,0.2222222222222222,0.8472222222222223,0.7986111111111112,True,True,False,qwen,8ef14d0a36e8f235536394eb9dd4269c25f5e846ef3e3634a4a4e53df510136a_gpt-image,1.0,-0.0,0.0
8ef14d0a36e8f235536394eb9dd4269c25f5e846ef3e3634a4a4e53df510136a,South_Africa,etiquette,0.888888888888889,1.0,0.16666666666666663,0.11111111111111109,0.6666666666666666,0.6666666666666666,0.0,0.2222222222222222,0.2222222222222222,0.8472222222222223,0.7986111111111112,True,True,False,smol,8ef14d0a36e8f235536394eb9dd4269c25f5e846ef3e3634a4a4e53df510136a_SD35,0.3333333333333333,0.9999999999999998,1.0
75b5da8f1bf9778d8ece06444a1b61c098967d063b99fc25432d262d5b1dc810,South_Africa,religion,0.6388888888888888,1.0,0.8333333333333334,0.36111111111111116,0.3333333333333333,0.3333333333333333,0.1111111111111111,0.3333333333333333,0.27777777777777773,0.7222222222222223,0.6805555555555555,True,True,True,qwen,75b5da8f1bf9778d8ece06444a1b61c098967d063b99fc25432d262d5b1dc810_gpt-image,0.6666666666666666,0.5793801642856949,1.0
75b5da8f1bf9778d8ece06444a1b61c098967d063b99fc25432d262d5b1dc810,South_Africa,religion,0.6388888888888888,1.0,0.8333333333333334,0.36111111111111116,0.3333333333333333,0.3333333333333333,0.1111111111111111,0.3333333333333333,0.27777777777777773,0.7222222222222223,0.6805555555555555,True,True,True,smol,75b5da8f1bf9778d8ece06444a1b61c098967d063b99fc25432d262d5b1dc810_gpt-image,0.6666666666666666,0.5793801642856949,1.0
90275b37ce205cf840cc28b644c876026371c20a376bef1160f7bdbddaa7639c,South_Africa,etiquette,0.8020833333333334,1.0,0.375,0.19791666666666666,0.5,0.5,0.08333333333333333,0.3333333333333333,0.20833333333333331,0.875,0.7916666666666667,True,True,True,qwen,90275b37ce205cf840cc28b644c876026371c20a376bef1160f7bdbddaa7639c_imagegen3,0.6666666666666666,0.4591479170272447,1.0
90275b37ce205cf840cc28b644c876026371c20a376bef1160f7bdbddaa7639c,South_Africa,etiquette,0.8020833333333334,1.0,0.375,0.19791666666666666,0.5,0.5,0.08333333333333333,0.3333333333333333,0.20833333333333331,0.875,0.7916666666666667,True,True,True,smol,90275b37ce205cf840cc28b644c876026371c20a376bef1160f7bdbddaa7639c_flux,0.6666666666666666,0.4591479170272447,1.0
7334ebe2712c28e6b6f761ba1fc54b0efdeb8a141ee490f5082a10e98e909683,South_Africa,religion,0.875,1.0,0.5,0.125,0.25,0.25,0.16666666666666666,0.16666666666666666,0.08333333333333333,0.8333333333333334,0.7916666666666666,True,True,True,qwen,7334ebe2712c28e6b6f761ba1fc54b0efdeb8a141ee490f5082a10e98e909683_SD35,1.0,-0.0,0.0
7334ebe2712c28e6b6f761ba1fc54b0efdeb8a141ee490f5082a10e98e909683,South_Africa,religion,0.875,1.0,0.5,0.125,0.25,0.25,0.16666666666666666,0.16666666666666666,0.08333333333333333,0.8333333333333334,0.7916666666666666,True,True,True,smol,7334ebe2712c28e6b6f761ba1fc54b0efdeb8a141ee490f5082a10e98e909683_gpt-image,0.6666666666666666,0.4591479170272447,1.0
649a9d3c3e1d0b46670da37d7bb49d781e6203ec121d1dd1f93944bb3a109209,South_Africa,religion,0.6666666666666666,1.0,0.5,0.3333333333333333,0.6666666666666666,0.6666666666666666,0.1111111111111111,0.38888888888888884,0.3333333333333333,0.8333333333333334,0.6805555555555557,True,True,True,qwen,649a9d3c3e1d0b46670da37d7bb49d781e6203ec121d1dd1f93944bb3a109209_SD35,0.6666666666666666,0.5793801642856949,1.0
649a9d3c3e1d0b46670da37d7bb49d781e6203ec121d1dd1f93944bb3a109209,South_Africa,religion,0.6666666666666666,1.0,0.5,0.3333333333333333,0.6666666666666666,0.6666666666666666,0.1111111111111111,0.38888888888888884,0.3333333333333333,0.8333333333333334,0.6805555555555557,True,True,True,smol,649a9d3c3e1d0b46670da37d7bb49d781e6203ec121d1dd1f93944bb3a109209_SD35,0.3333333333333333,0.9999999999999998,1.0
7a62c5b62f821e5437e609ccc628603dce4e6355a6850c82aae271e59a747040,South_Africa,etiquette,0.8333333333333334,1.0,0.33333333333333337,0.16666666666666666,0.3333333333333333,0.3333333333333333,0.1111111111111111,0.0,0.2222222222222222,0.7222222222222222,0.6388888888888888,False,True,True,qwen,7a62c5b62f821e5437e609ccc628603dce4e6355a6850c82aae271e59a747040_gpt-image,1.0,-0.0,0.0
7a62c5b62f821e5437e609ccc628603dce4e6355a6850c82aae271e59a747040,South_Africa,etiquette,0.8333333333333334,1.0,0.33333333333333337,0.16666666666666666,0.3333333333333333,0.3333333333333333,0.1111111111111111,0.0,0.2222222222222222,0.7222222222222222,0.6388888888888888,False,True,True,smol,7a62c5b62f821e5437e609ccc628603dce4e6355a6850c82aae271e59a747040_SD35,0.3333333333333333,0.9999999999999998,1.0
b98438325a70fa7632d59ebeb21ac12dd166ff788a00a69f418c2d8a8cdaafe8,South_Africa,etiquette,0.6979166666666667,0.8333333333333334,0.33333333333333337,0.13541666666666669,0.5,0.5,0.0,0.47916666666666663,0.0625,0.8645833333333334,0.7239583333333334,True,True,False,qwen,b98438325a70fa7632d59ebeb21ac12dd166ff788a00a69f418c2d8a8cdaafe8_imagegen3,0.6666666666666666,0.4591479170272447,1.0
b98438325a70fa7632d59ebeb21ac12dd166ff788a00a69f418c2d8a8cdaafe8,South_Africa,etiquette,0.6979166666666667,0.8333333333333334,0.33333333333333337,0.13541666666666669,0.5,0.5,0.0,0.47916666666666663,0.0625,0.8645833333333334,0.7239583333333334,True,True,False,smol,b98438325a70fa7632d59ebeb21ac12dd166ff788a00a69f418c2d8a8cdaafe8_SD35,0.3333333333333333,0.792481250360578,1.0
